solid OpenSCAD_Model
  facet normal 0 0 -1
    outer loop
      vertex -0.25 -38 4.75
      vertex -0.25 -4 4.75
      vertex 0.25 -38 4.75
    endloop
  endfacet
  facet normal 0 0 -1
    outer loop
      vertex -0.25 -38 4.75
      vertex 0.25 -38 4.75
      vertex 0.2705431 -38.391983 4.75
    endloop
  endfacet
  facet normal 0 0 -1
    outer loop
      vertex -0.25 -4 4.75
      vertex 0.25 -4 4.75
      vertex 0.25 -38 4.75
    endloop
  endfacet
  facet normal 0 0 -1
    outer loop
      vertex -0.25 38 4.75
      vertex 0.2705431 38.391983 4.75
      vertex 0.25 38 4.75
    endloop
  endfacet
  facet normal 0 0 -1
    outer loop
      vertex -0.25 4 4.75
      vertex -0.25 38 4.75
      vertex 0.25 38 4.75
    endloop
  endfacet
  facet normal 0 0 -1
    outer loop
      vertex -0.25 4 4.75
      vertex 0.25 38 4.75
      vertex 0.25 4 4.75
    endloop
  endfacet
  facet normal 0 0 -1
    outer loop
      vertex -0.25 4 4.75
      vertex 0.25 4 4.75
      vertex 0.2705431 3.6080189 4.75
    endloop
  endfacet
  facet normal 0 0 -1
    outer loop
      vertex -0.25 4 4.75
      vertex 0.2705431 3.6080189 4.75
      vertex 0.33194733 3.2203312 4.75
    endloop
  endfacet
  facet normal 0 0 -1
    outer loop
      vertex -0.25 4 4.75
      vertex 0.33194733 3.2203312 4.75
      vertex 0.43353844 2.8411865 4.75
    endloop
  endfacet
  facet normal 0 0 -1
    outer loop
      vertex -0.25 4 4.75
      vertex 0.43353844 2.8411865 4.75
      vertex 0.5742054 2.4747381 4.75
    endloop
  endfacet
  facet normal 0 0 -1
    outer loop
      vertex -0.2705431 -3.6080189 4.75
      vertex 0.25 -4 4.75
      vertex -0.25 -4 4.75
    endloop
  endfacet
  facet normal 0 0 -1
    outer loop
      vertex -0.2705431 -3.6080189 4.75
      vertex 0.2705431 -3.6080189 4.75
      vertex 0.25 -4 4.75
    endloop
  endfacet
  facet normal 0 0 -1
    outer loop
      vertex -0.2705431 -3.6080189 4.75
      vertex 0.33194733 -3.2203312 4.75
      vertex 0.2705431 -3.6080189 4.75
    endloop
  endfacet
  facet normal 0 0 -1
    outer loop
      vertex -0.2705431 -38.391983 4.75
      vertex -0.25 -38 4.75
      vertex 0.2705431 -38.391983 4.75
    endloop
  endfacet
  facet normal 0 0 -1
    outer loop
      vertex -0.2705431 -38.391983 4.75
      vertex 0.2705431 -38.391983 4.75
      vertex 0.33194733 -38.77967 4.75
    endloop
  endfacet
  facet normal 0 0 -1
    outer loop
      vertex -0.2705431 3.6080189 4.75
      vertex -0.25 4 4.75
      vertex 0.5742054 2.4747381 4.75
    endloop
  endfacet
  facet normal 0 0 -1
    outer loop
      vertex -0.2705431 38.391983 4.75
      vertex 0.2705431 38.391983 4.75
      vertex -0.25 38 4.75
    endloop
  endfacet
  facet normal 0 0 -1
    outer loop
      vertex -0.2705431 38.391983 4.75
      vertex 0.33194733 38.77967 4.75
      vertex 0.2705431 38.391983 4.75
    endloop
  endfacet
  facet normal 0 0 -1
    outer loop
      vertex -0.33194733 -3.2203312 4.75
      vertex 0.33194733 -3.2203312 4.75
      vertex -0.2705431 -3.6080189 4.75
    endloop
  endfacet
  facet normal 0 0 -1
    outer loop
      vertex -0.33194733 -3.2203312 4.75
      vertex 0.43353844 -2.8411865 4.75
      vertex 0.33194733 -3.2203312 4.75
    endloop
  endfacet
  facet normal 0 0 -1
    outer loop
      vertex -0.33194733 -38.77967 4.75
      vertex -0.2705431 -38.391983 4.75
      vertex 0.33194733 -38.77967 4.75
    endloop
  endfacet
  facet normal 0 0 -1
    outer loop
      vertex -0.33194733 -38.77967 4.75
      vertex 0.33194733 -38.77967 4.75
      vertex 0.43353844 -39.158813 4.75
    endloop
  endfacet
  facet normal 0 0 -1
    outer loop
      vertex -0.33194733 3.2203312 4.75
      vertex -0.2705431 3.6080189 4.75
      vertex 0.5742054 2.4747381 4.75
    endloop
  endfacet
  facet normal 0 0 -1
    outer loop
      vertex -0.33194733 38.77967 4.75
      vertex 0.33194733 38.77967 4.75
      vertex -0.2705431 38.391983 4.75
    endloop
  endfacet
  facet normal 0 0 -1
    outer loop
      vertex -0.33194733 38.77967 4.75
      vertex 0.43353844 39.158813 4.75
      vertex 0.33194733 38.77967 4.75
    endloop
  endfacet
  facet normal 0 0 -1
    outer loop
      vertex -0.43353844 -2.8411865 4.75
      vertex 0.43353844 -2.8411865 4.75
      vertex -0.33194733 -3.2203312 4.75
    endloop
  endfacet
  facet normal 0 0 -1
    outer loop
      vertex -0.43353844 -2.8411865 4.75
      vertex 0.5742054 -2.4747381 4.75
      vertex 0.43353844 -2.8411865 4.75
    endloop
  endfacet
  facet normal 0 0 -1
    outer loop
      vertex -0.43353844 -39.158813 4.75
      vertex -0.33194733 -38.77967 4.75
      vertex 0.43353844 -39.158813 4.75
    endloop
  endfacet
  facet normal 0 0 -1
    outer loop
      vertex -0.43353844 -39.158813 4.75
      vertex 0.43353844 -39.158813 4.75
      vertex 0.5742054 -39.52526 4.75
    endloop
  endfacet
  facet normal 0 0 -1
    outer loop
      vertex -0.43353844 2.8411865 4.75
      vertex -0.33194733 3.2203312 4.75
      vertex 0.5742054 2.4747381 4.75
    endloop
  endfacet
  facet normal 0 0 -1
    outer loop
      vertex -0.43353844 39.158813 4.75
      vertex 0.43353844 39.158813 4.75
      vertex -0.33194733 38.77967 4.75
    endloop
  endfacet
  facet normal 0 0 -1
    outer loop
      vertex -0.43353844 39.158813 4.75
      vertex 0.5742054 39.52526 4.75
      vertex 0.43353844 39.158813 4.75
    endloop
  endfacet
  facet normal 0 0 -1
    outer loop
      vertex -0.5742054 -2.4747381 4.75
      vertex 0.5742054 -2.4747381 4.75
      vertex -0.43353844 -2.8411865 4.75
    endloop
  endfacet
  facet normal 0 0 -1
    outer loop
      vertex -0.5742054 -2.4747381 4.75
      vertex 0.75240517 -2.125001 4.75
      vertex 0.5742054 -2.4747381 4.75
    endloop
  endfacet
  facet normal 0 0 -1
    outer loop
      vertex -0.5742054 -39.52526 4.75
      vertex -0.43353844 -39.158813 4.75
      vertex 0.5742054 -39.52526 4.75
    endloop
  endfacet
  facet normal 0 0 -1
    outer loop
      vertex -0.5742054 -39.52526 4.75
      vertex 0.5742054 -39.52526 4.75
      vertex 0.75240517 -39.875 4.75
    endloop
  endfacet
  facet normal 0 0 -1
    outer loop
      vertex -0.5742054 2.4747381 4.75
      vertex -0.43353844 2.8411865 4.75
      vertex 0.5742054 2.4747381 4.75
    endloop
  endfacet
  facet normal 0 0 -1
    outer loop
      vertex -0.5742054 39.52526 4.75
      vertex 0.5742054 39.52526 4.75
      vertex -0.43353844 39.158813 4.75
    endloop
  endfacet
  facet normal 0 0 -1
    outer loop
      vertex -0.5742054 39.52526 4.75
      vertex 0.75240517 39.875 4.75
      vertex 0.5742054 39.52526 4.75
    endloop
  endfacet
  facet normal 0 0 -1
    outer loop
      vertex -0.75240517 -2.125 4.75
      vertex 0.75240517 -2.125001 4.75
      vertex -0.5742054 -2.4747381 4.75
    endloop
  endfacet
  facet normal 0 0 -1
    outer loop
      vertex -0.75240517 -2.125 4.75
      vertex 0.9661865 -1.7958059 4.75
      vertex 0.75240517 -2.125001 4.75
    endloop
  endfacet
  facet normal 0 0 -1
    outer loop
      vertex -0.75240517 -39.875 4.75
      vertex -0.5742054 -39.52526 4.75
      vertex 0.75240517 -39.875 4.75
    endloop
  endfacet
  facet normal 0 0 -1
    outer loop
      vertex -0.75240517 -39.875 4.75
      vertex 0.75240517 -39.875 4.75
      vertex 0.9661865 -40.204193 4.75
    endloop
  endfacet
  facet normal 0 0 -1
    outer loop
      vertex -0.75240517 2.125001 4.75
      vertex -0.5742054 2.4747381 4.75
      vertex 0.5742054 2.4747381 4.75
    endloop
  endfacet
  facet normal 0 0 -1
    outer loop
      vertex -0.75240517 2.125001 4.75
      vertex 0.5742054 2.4747381 4.75
      vertex 0.75240517 2.125 4.75
    endloop
  endfacet
  facet normal 0 0 -1
    outer loop
      vertex -0.75240517 39.875 4.75
      vertex 0.75240517 39.875 4.75
      vertex -0.5742054 39.52526 4.75
    endloop
  endfacet
  facet normal 0 0 -1
    outer loop
      vertex -0.75240517 39.875 4.75
      vertex 0.9661865 40.204193 4.75
      vertex 0.75240517 39.875 4.75
    endloop
  endfacet
  facet normal 0 0 -1
    outer loop
      vertex -0.9661865 -1.7958059 4.75
      vertex 0.9661865 -1.7958059 4.75
      vertex -0.75240517 -2.125 4.75
    endloop
  endfacet
  facet normal 0 0 -1
    outer loop
      vertex -0.9661865 -1.7958059 4.75
      vertex 1.2132072 -1.4907608 4.75
      vertex 0.9661865 -1.7958059 4.75
    endloop
  endfacet
  facet normal 0 0 -1
    outer loop
      vertex -0.9661865 -40.204193 4.75
      vertex -0.75240517 -39.875 4.75
      vertex 0.9661865 -40.204193 4.75
    endloop
  endfacet
  facet normal 0 0 -1
    outer loop
      vertex -0.9661865 -40.204193 4.75
      vertex 0.9661865 -40.204193 4.75
      vertex 1.2132072 -40.50924 4.75
    endloop
  endfacet
  facet normal 0 0 -1
    outer loop
      vertex -0.9661865 1.7958059 4.75
      vertex -0.75240517 2.125001 4.75
      vertex 0.75240517 2.125 4.75
    endloop
  endfacet
  facet normal 0 0 -1
    outer loop
      vertex -0.9661865 1.7958059 4.75
      vertex 0.75240517 2.125 4.75
      vertex 0.9661865 1.7958059 4.75
    endloop
  endfacet
  facet normal 0 0 -1
    outer loop
      vertex -0.9661865 40.204193 4.75
      vertex 0.9661865 40.204193 4.75
      vertex -0.75240517 39.875 4.75
    endloop
  endfacet
  facet normal 0 0 -1
    outer loop
      vertex -0.9661865 40.204193 4.75
      vertex 1.2132072 40.50924 4.75
      vertex 0.9661865 40.204193 4.75
    endloop
  endfacet
  facet normal 0 0 -1
    outer loop
      vertex -1.2132072 -1.4907608 4.75
      vertex -1.2132072 1.4907608 4.75
      vertex 1.2132072 1.4907608 4.75
    endloop
  endfacet
  facet normal 0 0 -1
    outer loop
      vertex -1.2132072 -1.4907608 4.75
      vertex 1.2132072 -1.4907608 4.75
      vertex -0.9661865 -1.7958059 4.75
    endloop
  endfacet
  facet normal 0 0 -1
    outer loop
      vertex -1.2132072 -1.4907608 4.75
      vertex 1.2132072 1.4907608 4.75
      vertex 1.2132072 -1.4907608 4.75
    endloop
  endfacet
  facet normal 0 0 -1
    outer loop
      vertex -1.2132072 -40.50924 4.75
      vertex -0.9661865 -40.204193 4.75
      vertex 1.2132072 -40.50924 4.75
    endloop
  endfacet
  facet normal 0 0 -1
    outer loop
      vertex -1.2132072 -40.50924 4.75
      vertex 1.2132072 -40.50924 4.75
      vertex 1.4907608 -40.786793 4.75
    endloop
  endfacet
  facet normal 0 0 -1
    outer loop
      vertex -1.2132072 1.4907608 4.75
      vertex -0.9661865 1.7958059 4.75
      vertex 0.9661865 1.7958059 4.75
    endloop
  endfacet
  facet normal 0 0 -1
    outer loop
      vertex -1.2132072 1.4907608 4.75
      vertex 0.9661865 1.7958059 4.75
      vertex 1.2132072 1.4907608 4.75
    endloop
  endfacet
  facet normal 0 0 -1
    outer loop
      vertex -1.2132072 40.50924 4.75
      vertex 1.2132072 40.50924 4.75
      vertex -0.9661865 40.204193 4.75
    endloop
  endfacet
  facet normal 0 0 -1
    outer loop
      vertex -1.2132072 40.50924 4.75
      vertex 1.4907608 40.786793 4.75
      vertex 1.2132072 40.50924 4.75
    endloop
  endfacet
  facet normal 0 0 -1
    outer loop
      vertex -1.4907608 -1.2132072 4.75
      vertex -1.2132072 1.4907608 4.75
      vertex -1.2132072 -1.4907608 4.75
    endloop
  endfacet
  facet normal 0 0 -1
    outer loop
      vertex -1.4907608 -1.2132072 4.75
      vertex -1.4907608 1.2132072 4.75
      vertex -1.2132072 1.4907608 4.75
    endloop
  endfacet
  facet normal 0 0 -1
    outer loop
      vertex -1.4907608 -40.786793 4.75
      vertex -1.2132072 -40.50924 4.75
      vertex 1.4907608 -40.786793 4.75
    endloop
  endfacet
  facet normal 0 0 -1
    outer loop
      vertex -1.4907608 -40.786793 4.75
      vertex 1.4907608 -40.786793 4.75
      vertex 1.7958059 -41.033813 4.75
    endloop
  endfacet
  facet normal 0 0 -1
    outer loop
      vertex -1.4907608 40.786793 4.75
      vertex 1.4907608 40.786793 4.75
      vertex -1.2132072 40.50924 4.75
    endloop
  endfacet
  facet normal 0 0 -1
    outer loop
      vertex -1.4907608 40.786793 4.75
      vertex 1.7958059 41.033813 4.75
      vertex 1.4907608 40.786793 4.75
    endloop
  endfacet
  facet normal 0 0 -1
    outer loop
      vertex -1.7958059 -0.9661865 4.75
      vertex -1.4907608 1.2132072 4.75
      vertex -1.4907608 -1.2132072 4.75
    endloop
  endfacet
  facet normal 0 0 -1
    outer loop
      vertex -1.7958059 -0.9661865 4.75
      vertex -1.7958059 0.9661865 4.75
      vertex -1.4907608 1.2132072 4.75
    endloop
  endfacet
  facet normal 0 0 -1
    outer loop
      vertex -1.7958059 -41.033813 4.75
      vertex -1.4907608 -40.786793 4.75
      vertex 1.7958059 -41.033813 4.75
    endloop
  endfacet
  facet normal 0 0 -1
    outer loop
      vertex -1.7958059 -41.033813 4.75
      vertex 1.7958059 -41.033813 4.75
      vertex 2.125001 -41.247597 4.75
    endloop
  endfacet
  facet normal 0 0 -1
    outer loop
      vertex -1.7958059 41.033813 4.75
      vertex 1.7958059 41.033813 4.75
      vertex -1.4907608 40.786793 4.75
    endloop
  endfacet
  facet normal 0 0 -1
    outer loop
      vertex -1.7958059 41.033813 4.75
      vertex 2.125 41.247597 4.75
      vertex 1.7958059 41.033813 4.75
    endloop
  endfacet
  facet normal 0 0 -1
    outer loop
      vertex -2.125 -41.247597 4.75
      vertex -1.7958059 -41.033813 4.75
      vertex 2.125001 -41.247597 4.75
    endloop
  endfacet
  facet normal 0 0 -1
    outer loop
      vertex -2.125 -41.247597 4.75
      vertex 2.125001 -41.247597 4.75
      vertex 2.4747381 -41.425797 4.75
    endloop
  endfacet
  facet normal 0 0 -1
    outer loop
      vertex -2.125 0.75240517 4.75
      vertex -1.7958059 0.9661865 4.75
      vertex -1.7958059 -0.9661865 4.75
    endloop
  endfacet
  facet normal 0 0 -1
    outer loop
      vertex -2.125001 -0.75240517 4.75
      vertex -2.125 0.75240517 4.75
      vertex -1.7958059 -0.9661865 4.75
    endloop
  endfacet
  facet normal 0 0 -1
    outer loop
      vertex -2.125001 41.247597 4.75
      vertex 2.125 41.247597 4.75
      vertex -1.7958059 41.033813 4.75
    endloop
  endfacet
  facet normal 0 0 -1
    outer loop
      vertex -2.125001 41.247597 4.75
      vertex 2.4747381 41.425797 4.75
      vertex 2.125 41.247597 4.75
    endloop
  endfacet
  facet normal 1 0 0
    outer loop
      vertex -2.4000006 -38 0.79999924
      vertex -2.4000006 -4 0.79999924
      vertex -2.4000006 -38 2.5999994
    endloop
  endfacet
  facet normal 0.70662177 -0.037032727 -0.70662177
    outer loop
      vertex -2.4000006 -38 2.5999994
      vertex -0.25 -38 4.75
      vertex -0.2705431 -38.391983 4.75
    endloop
  endfacet
  facet normal 1 0 0
    outer loop
      vertex -2.4000006 -38 2.5999994
      vertex -2.4000006 -4 0.79999924
      vertex -2.4000006 -4 2.5999994
    endloop
  endfacet
  facet normal 0.70710677 0 -0.70710677
    outer loop
      vertex -2.4000006 -38 2.5999994
      vertex -2.4000006 -4 2.5999994
      vertex -0.25 -38 4.75
    endloop
  endfacet
  facet normal 0.70710677 0 -0.70710677
    outer loop
      vertex -2.4000006 -4 2.5999994
      vertex -0.25 -4 4.75
      vertex -0.25 -38 4.75
    endloop
  endfacet
  facet normal 0.70662177 0.037032906 -0.70662177
    outer loop
      vertex -2.4000006 -4 2.5999994
      vertex -0.2705431 -3.6080189 4.75
      vertex -0.25 -4 4.75
    endloop
  endfacet
  facet normal 0.70710677 0 -0.70710677
    outer loop
      vertex -2.4000006 38 2.5999994
      vertex -0.25 38 4.75
      vertex -0.25 4 4.75
    endloop
  endfacet
  facet normal 0.70662177 0.037032727 -0.70662177
    outer loop
      vertex -2.4000006 38 2.5999994
      vertex -0.2705431 38.391983 4.75
      vertex -0.25 38 4.75
    endloop
  endfacet
  facet normal 1 0 0
    outer loop
      vertex -2.4000006 4 0.79999924
      vertex -2.4000006 38 0.79999924
      vertex -2.4000006 4 2.5999994
    endloop
  endfacet
  facet normal 0.70662177 -0.037032906 -0.70662177
    outer loop
      vertex -2.4000006 4 2.5999994
      vertex -0.25 4 4.75
      vertex -0.2705431 3.6080189 4.75
    endloop
  endfacet
  facet normal 1 0 0
    outer loop
      vertex -2.4000006 4 2.5999994
      vertex -2.4000006 38 0.79999924
      vertex -2.4000006 38 2.5999994
    endloop
  endfacet
  facet normal 0.70710677 0 -0.70710677
    outer loop
      vertex -2.4000006 4 2.5999994
      vertex -2.4000006 38 2.5999994
      vertex -0.25 4 4.75
    endloop
  endfacet
  facet normal 0.997452 0.07134027 0
    outer loop
      vertex -2.4162865 -3.772297 0.79999924
      vertex -2.4000006 -4 2.5999994
      vertex -2.4000006 -4 0.79999924
    endloop
  endfacet
  facet normal 0.997452 0.07134027 0
    outer loop
      vertex -2.4162865 -3.772297 0.79999924
      vertex -2.4162865 -3.772297 2.5999994
      vertex -2.4000006 -4 2.5999994
    endloop
  endfacet
  facet normal 0.7049779 0.05042179 -0.70743465
    outer loop
      vertex -2.4162865 -3.772297 2.5999994
      vertex -0.2705431 -3.6080189 4.75
      vertex -2.4000006 -4 2.5999994
    endloop
  endfacet
  facet normal 0.6992097 0.11074489 -0.706287
    outer loop
      vertex -2.4162865 -3.772297 2.5999994
      vertex -0.33194733 -3.2203312 4.75
      vertex -0.2705431 -3.6080189 4.75
    endloop
  endfacet
  facet normal 0.997452 -0.07134027 0
    outer loop
      vertex -2.4162865 -38.227703 0.79999924
      vertex -2.4000006 -38 0.79999924
      vertex -2.4162865 -38.227703 2.5999994
    endloop
  endfacet
  facet normal 0.69920963 -0.110744886 -0.7062871
    outer loop
      vertex -2.4162865 -38.227703 2.5999994
      vertex -0.2705431 -38.391983 4.75
      vertex -0.33194733 -38.77967 4.75
    endloop
  endfacet
  facet normal 0.997452 -0.07134027 0
    outer loop
      vertex -2.4162865 -38.227703 2.5999994
      vertex -2.4000006 -38 0.79999924
      vertex -2.4000006 -38 2.5999994
    endloop
  endfacet
  facet normal 0.70497787 -0.050421786 -0.70743465
    outer loop
      vertex -2.4162865 -38.227703 2.5999994
      vertex -2.4000006 -38 2.5999994
      vertex -0.2705431 -38.391983 4.75
    endloop
  endfacet
  facet normal 0.997452 -0.07134027 0
    outer loop
      vertex -2.4162865 3.772297 0.79999924
      vertex -2.4000006 4 0.79999924
      vertex -2.4162865 3.772297 2.5999994
    endloop
  endfacet
  facet normal 0.6992097 -0.11074489 -0.706287
    outer loop
      vertex -2.4162865 3.772297 2.5999994
      vertex -0.2705431 3.6080189 4.75
      vertex -0.33194733 3.2203312 4.75
    endloop
  endfacet
  facet normal 0.997452 -0.07134027 0
    outer loop
      vertex -2.4162865 3.772297 2.5999994
      vertex -2.4000006 4 0.79999924
      vertex -2.4000006 4 2.5999994
    endloop
  endfacet
  facet normal 0.7049779 -0.05042179 -0.70743465
    outer loop
      vertex -2.4162865 3.772297 2.5999994
      vertex -2.4000006 4 2.5999994
      vertex -0.2705431 3.6080189 4.75
    endloop
  endfacet
  facet normal 0.997452 0.07134027 0
    outer loop
      vertex -2.4162865 38.227703 0.79999924
      vertex -2.4000006 38 2.5999994
      vertex -2.4000006 38 0.79999924
    endloop
  endfacet
  facet normal 0.997452 0.07134027 0
    outer loop
      vertex -2.4162865 38.227703 0.79999924
      vertex -2.4162865 38.227703 2.5999994
      vertex -2.4000006 38 2.5999994
    endloop
  endfacet
  facet normal 0.70497787 0.050421786 -0.70743465
    outer loop
      vertex -2.4162865 38.227703 2.5999994
      vertex -0.2705431 38.391983 4.75
      vertex -2.4000006 38 2.5999994
    endloop
  endfacet
  facet normal 0.69920963 0.110744886 -0.7062871
    outer loop
      vertex -2.4162865 38.227703 2.5999994
      vertex -0.33194733 38.77967 4.75
      vertex -0.2705431 38.391983 4.75
    endloop
  endfacet
  facet normal 0.97714746 0.2125625 0
    outer loop
      vertex -2.4648113 -3.5492287 0.79999924
      vertex -2.4162865 -3.772297 2.5999994
      vertex -2.4162865 -3.772297 0.79999924
    endloop
  endfacet
  facet normal 0.97714746 0.2125625 0
    outer loop
      vertex -2.4648113 -3.5492287 0.79999924
      vertex -2.4648113 -3.5492287 2.5999994
      vertex -2.4162865 -3.772297 2.5999994
    endloop
  endfacet
  facet normal 0.6902998 0.15016346 -0.7077691
    outer loop
      vertex -2.4648113 -3.5492287 2.5999994
      vertex -0.33194733 -3.2203312 4.75
      vertex -2.4162865 -3.772297 2.5999994
    endloop
  endfacet
  facet normal 0.6837578 0.18321162 -0.70633477
    outer loop
      vertex -2.4648113 -3.5492287 2.5999994
      vertex -0.43353844 -2.8411865 4.75
      vertex -0.33194733 -3.2203312 4.75
    endloop
  endfacet
  facet normal 0.97714746 -0.2125625 0
    outer loop
      vertex -2.4648113 -38.45077 0.79999924
      vertex -2.4162865 -38.227703 0.79999924
      vertex -2.4648113 -38.45077 2.5999994
    endloop
  endfacet
  facet normal 0.6837575 -0.18321247 -0.7063348
    outer loop
      vertex -2.4648113 -38.45077 2.5999994
      vertex -0.33194733 -38.77967 4.75
      vertex -0.43353844 -39.158813 4.75
    endloop
  endfacet
  facet normal 0.97714746 -0.2125625 0
    outer loop
      vertex -2.4648113 -38.45077 2.5999994
      vertex -2.4162865 -38.227703 0.79999924
      vertex -2.4162865 -38.227703 2.5999994
    endloop
  endfacet
  facet normal 0.69029975 -0.15016344 -0.70776916
    outer loop
      vertex -2.4648113 -38.45077 2.5999994
      vertex -2.4162865 -38.227703 2.5999994
      vertex -0.33194733 -38.77967 4.75
    endloop
  endfacet
  facet normal 0.97714746 -0.2125625 0
    outer loop
      vertex -2.4648113 3.5492287 0.79999924
      vertex -2.4162865 3.772297 0.79999924
      vertex -2.4648113 3.5492287 2.5999994
    endloop
  endfacet
  facet normal 0.6837578 -0.18321162 -0.70633477
    outer loop
      vertex -2.4648113 3.5492287 2.5999994
      vertex -0.33194733 3.2203312 4.75
      vertex -0.43353844 2.8411865 4.75
    endloop
  endfacet
  facet normal 0.97714746 -0.2125625 0
    outer loop
      vertex -2.4648113 3.5492287 2.5999994
      vertex -2.4162865 3.772297 0.79999924
      vertex -2.4162865 3.772297 2.5999994
    endloop
  endfacet
  facet normal 0.6902998 -0.15016346 -0.7077691
    outer loop
      vertex -2.4648113 3.5492287 2.5999994
      vertex -2.4162865 3.772297 2.5999994
      vertex -0.33194733 3.2203312 4.75
    endloop
  endfacet
  facet normal 0.97714746 0.2125625 0
    outer loop
      vertex -2.4648113 38.45077 0.79999924
      vertex -2.4162865 38.227703 2.5999994
      vertex -2.4162865 38.227703 0.79999924
    endloop
  endfacet
  facet normal 0.97714746 0.2125625 0
    outer loop
      vertex -2.4648113 38.45077 0.79999924
      vertex -2.4648113 38.45077 2.5999994
      vertex -2.4162865 38.227703 2.5999994
    endloop
  endfacet
  facet normal 0.69029975 0.15016344 -0.70776916
    outer loop
      vertex -2.4648113 38.45077 2.5999994
      vertex -0.33194733 38.77967 4.75
      vertex -2.4162865 38.227703 2.5999994
    endloop
  endfacet
  facet normal 0.6837575 0.18321247 -0.7063348
    outer loop
      vertex -2.4648113 38.45077 2.5999994
      vertex -0.43353844 39.158813 4.75
      vertex -0.33194733 38.77967 4.75
    endloop
  endfacet
  facet normal 0 0 -1
    outer loop
      vertex -2.4747381 -0.5742054 4.75
      vertex -2.125 0.75240517 4.75
      vertex -2.125001 -0.75240517 4.75
    endloop
  endfacet
  facet normal 0 0 -1
    outer loop
      vertex -2.4747381 -0.5742054 4.75
      vertex -2.4747381 0.5742054 4.75
      vertex -2.125 0.75240517 4.75
    endloop
  endfacet
  facet normal 0 0 -1
    outer loop
      vertex -2.4747381 -41.425797 4.75
      vertex -2.125 -41.247597 4.75
      vertex 2.4747381 -41.425797 4.75
    endloop
  endfacet
  facet normal 0 0 -1
    outer loop
      vertex -2.4747381 -41.425797 4.75
      vertex 2.4747381 -41.425797 4.75
      vertex 2.8411865 -41.56646 4.75
    endloop
  endfacet
  facet normal 0 0 -1
    outer loop
      vertex -2.4747381 41.425797 4.75
      vertex 2.4747381 41.425797 4.75
      vertex -2.125001 41.247597 4.75
    endloop
  endfacet
  facet normal 0 0 -1
    outer loop
      vertex -2.4747381 41.425797 4.75
      vertex 2.8411865 41.56646 4.75
      vertex 2.4747381 41.425797 4.75
    endloop
  endfacet
  facet normal 0.93694955 0.34946468 0
    outer loop
      vertex -2.544589 -3.3353367 0.79999924
      vertex -2.4648113 -3.5492287 2.5999994
      vertex -2.4648113 -3.5492287 0.79999924
    endloop
  endfacet
  facet normal 0.93694955 0.34946468 0
    outer loop
      vertex -2.544589 -3.3353367 0.79999924
      vertex -2.544589 -3.3353367 2.5999994
      vertex -2.4648113 -3.5492287 2.5999994
    endloop
  endfacet
  facet normal 0.66242546 0.24707234 -0.70721126
    outer loop
      vertex -2.544589 -3.3353367 2.5999994
      vertex -0.43353844 -2.8411865 4.75
      vertex -2.4648113 -3.5492287 2.5999994
    endloop
  endfacet
  facet normal 0.66045976 0.25352782 -0.7067648
    outer loop
      vertex -2.544589 -3.3353367 2.5999994
      vertex -0.5742054 -2.4747381 4.75
      vertex -0.43353844 -2.8411865 4.75
    endloop
  endfacet
  facet normal 0.63057554 0.32129303 -0.70650214
    outer loop
      vertex -2.544589 -3.3353367 2.5999994
      vertex -0.75240517 -2.125 4.75
      vertex -0.5742054 -2.4747381 4.75
    endloop
  endfacet
  facet normal 0.93695056 -0.34946194 0
    outer loop
      vertex -2.544589 -38.664665 0.79999924
      vertex -2.4648113 -38.45077 0.79999924
      vertex -2.544589 -38.664665 2.5999994
    endloop
  endfacet
  facet normal 0.6604597 -0.25352848 -0.7067647
    outer loop
      vertex -2.544589 -38.664665 2.5999994
      vertex -0.43353844 -39.158813 4.75
      vertex -0.5742054 -39.52526 4.75
    endloop
  endfacet
  facet normal 0.6305761 -0.3212924 -0.70650196
    outer loop
      vertex -2.544589 -38.664665 2.5999994
      vertex -0.5742054 -39.52526 4.75
      vertex -0.75240517 -39.875 4.75
    endloop
  endfacet
  facet normal 0.93695056 -0.34946194 0
    outer loop
      vertex -2.544589 -38.664665 2.5999994
      vertex -2.4648113 -38.45077 0.79999924
      vertex -2.4648113 -38.45077 2.5999994
    endloop
  endfacet
  facet normal 0.6624262 -0.2470704 -0.70721126
    outer loop
      vertex -2.544589 -38.664665 2.5999994
      vertex -2.4648113 -38.45077 2.5999994
      vertex -0.43353844 -39.158813 4.75
    endloop
  endfacet
  facet normal 0.93694955 -0.34946468 0
    outer loop
      vertex -2.544589 3.3353367 0.79999924
      vertex -2.4648113 3.5492287 0.79999924
      vertex -2.544589 3.3353367 2.5999994
    endloop
  endfacet
  facet normal 0.66045976 -0.25352782 -0.7067648
    outer loop
      vertex -2.544589 3.3353367 2.5999994
      vertex -0.43353844 2.8411865 4.75
      vertex -0.5742054 2.4747381 4.75
    endloop
  endfacet
  facet normal 0.6305752 -0.3212937 -0.70650214
    outer loop
      vertex -2.544589 3.3353367 2.5999994
      vertex -0.5742054 2.4747381 4.75
      vertex -0.75240517 2.125001 4.75
    endloop
  endfacet
  facet normal 0.93694955 -0.34946468 0
    outer loop
      vertex -2.544589 3.3353367 2.5999994
      vertex -2.4648113 3.5492287 0.79999924
      vertex -2.4648113 3.5492287 2.5999994
    endloop
  endfacet
  facet normal 0.66242546 -0.24707234 -0.70721126
    outer loop
      vertex -2.544589 3.3353367 2.5999994
      vertex -2.4648113 3.5492287 2.5999994
      vertex -0.43353844 2.8411865 4.75
    endloop
  endfacet
  facet normal 0.93695056 0.34946194 0
    outer loop
      vertex -2.544589 38.664665 0.79999924
      vertex -2.4648113 38.45077 2.5999994
      vertex -2.4648113 38.45077 0.79999924
    endloop
  endfacet
  facet normal 0.93695056 0.34946194 0
    outer loop
      vertex -2.544589 38.664665 0.79999924
      vertex -2.544589 38.664665 2.5999994
      vertex -2.4648113 38.45077 2.5999994
    endloop
  endfacet
  facet normal 0.6624262 0.2470704 -0.70721126
    outer loop
      vertex -2.544589 38.664665 2.5999994
      vertex -0.43353844 39.158813 4.75
      vertex -2.4648113 38.45077 2.5999994
    endloop
  endfacet
  facet normal 0.6604597 0.25352848 -0.7067647
    outer loop
      vertex -2.544589 38.664665 2.5999994
      vertex -0.5742054 39.52526 4.75
      vertex -0.43353844 39.158813 4.75
    endloop
  endfacet
  facet normal 0.6305761 0.3212924 -0.70650196
    outer loop
      vertex -2.544589 38.664665 2.5999994
      vertex -0.75240517 39.875 4.75
      vertex -0.5742054 39.52526 4.75
    endloop
  endfacet
  facet normal 0.877679 0.47924897 0
    outer loop
      vertex -2.6539946 -3.1349754 0.79999924
      vertex -2.544589 -3.3353367 2.5999994
      vertex -2.544589 -3.3353367 0.79999924
    endloop
  endfacet
  facet normal 0.877679 0.47924897 0
    outer loop
      vertex -2.6539946 -3.1349754 0.79999924
      vertex -2.6539946 -3.1349754 2.5999994
      vertex -2.544589 -3.3353367 2.5999994
    endloop
  endfacet
  facet normal 0.62017787 0.33864275 -0.7076019
    outer loop
      vertex -2.6539946 -3.1349754 2.5999994
      vertex -0.75240517 -2.125 4.75
      vertex -2.544589 -3.3353367 2.5999994
    endloop
  endfacet
  facet normal 0.59373623 0.38557723 -0.70626307
    outer loop
      vertex -2.6539946 -3.1349754 2.5999994
      vertex -0.9661865 -1.7958059 4.75
      vertex -0.75240517 -2.125 4.75
    endloop
  endfacet
  facet normal 0.8776771 -0.4792525 0
    outer loop
      vertex -2.6539946 -38.865025 0.79999924
      vertex -2.544589 -38.664665 0.79999924
      vertex -2.6539946 -38.865025 2.5999994
    endloop
  endfacet
  facet normal 0.59373575 -0.38557804 -0.706263
    outer loop
      vertex -2.6539946 -38.865025 2.5999994
      vertex -0.75240517 -39.875 4.75
      vertex -0.9661865 -40.204193 4.75
    endloop
  endfacet
  facet normal 0.8776771 -0.4792525 0
    outer loop
      vertex -2.6539946 -38.865025 2.5999994
      vertex -2.544589 -38.664665 0.79999924
      vertex -2.544589 -38.664665 2.5999994
    endloop
  endfacet
  facet normal 0.62017655 -0.33864522 -0.7076019
    outer loop
      vertex -2.6539946 -38.865025 2.5999994
      vertex -2.544589 -38.664665 2.5999994
      vertex -0.75240517 -39.875 4.75
    endloop
  endfacet
  facet normal 0.877679 -0.47924897 0
    outer loop
      vertex -2.6539946 3.1349754 0.79999924
      vertex -2.544589 3.3353367 0.79999924
      vertex -2.6539946 3.1349754 2.5999994
    endloop
  endfacet
  facet normal 0.59373677 -0.38557646 -0.706263
    outer loop
      vertex -2.6539946 3.1349754 2.5999994
      vertex -0.75240517 2.125001 4.75
      vertex -0.9661865 1.7958059 4.75
    endloop
  endfacet
  facet normal 0.877679 -0.47924897 0
    outer loop
      vertex -2.6539946 3.1349754 2.5999994
      vertex -2.544589 3.3353367 0.79999924
      vertex -2.544589 3.3353367 2.5999994
    endloop
  endfacet
  facet normal 0.620178 -0.33864278 -0.70760185
    outer loop
      vertex -2.6539946 3.1349754 2.5999994
      vertex -2.544589 3.3353367 2.5999994
      vertex -0.75240517 2.125001 4.75
    endloop
  endfacet
  facet normal 0.8776771 0.4792525 0
    outer loop
      vertex -2.6539946 38.865025 0.79999924
      vertex -2.544589 38.664665 2.5999994
      vertex -2.544589 38.664665 0.79999924
    endloop
  endfacet
  facet normal 0.8776771 0.4792525 0
    outer loop
      vertex -2.6539946 38.865025 0.79999924
      vertex -2.6539946 38.865025 2.5999994
      vertex -2.544589 38.664665 2.5999994
    endloop
  endfacet
  facet normal 0.62017655 0.33864522 -0.7076019
    outer loop
      vertex -2.6539946 38.865025 2.5999994
      vertex -0.75240517 39.875 4.75
      vertex -2.544589 38.664665 2.5999994
    endloop
  endfacet
  facet normal 0.59373575 0.38557804 -0.706263
    outer loop
      vertex -2.6539946 38.865025 2.5999994
      vertex -0.9661865 40.204193 4.75
      vertex -0.75240517 39.875 4.75
    endloop
  endfacet
  facet normal 0.80054057 0.59927857 0
    outer loop
      vertex -2.790801 -2.9522238 0.79999924
      vertex -2.6539946 -3.1349754 2.5999994
      vertex -2.6539946 -3.1349754 0.79999924
    endloop
  endfacet
  facet normal 0.80054057 0.59927857 0
    outer loop
      vertex -2.790801 -2.9522238 0.79999924
      vertex -2.790801 -2.9522238 2.5999994
      vertex -2.6539946 -3.1349754 2.5999994
    endloop
  endfacet
  facet normal 0.5655816 0.42339006 -0.7077134
    outer loop
      vertex -2.790801 -2.9522238 2.5999994
      vertex -0.9661865 -1.7958059 4.75
      vertex -2.6539946 -3.1349754 2.5999994
    endloop
  endfacet
  facet normal 0.55006874 0.44543695 -0.7064066
    outer loop
      vertex -2.790801 -2.9522238 2.5999994
      vertex -1.2132072 -1.4907608 4.75
      vertex -0.9661865 -1.7958059 4.75
    endloop
  endfacet
  facet normal 0.5001236 0.5001236 -0.70693195
    outer loop
      vertex -2.790801 -2.9522238 2.5999994
      vertex -1.4907608 -1.2132072 4.75
      vertex -1.2132072 -1.4907608 4.75
    endloop
  endfacet
  facet normal 0.8005391 -0.59928054 0
    outer loop
      vertex -2.790801 -39.047775 0.79999924
      vertex -2.6539946 -38.865025 0.79999924
      vertex -2.790801 -39.047775 2.5999994
    endloop
  endfacet
  facet normal 0.55006933 -0.4454361 -0.70640665
    outer loop
      vertex -2.790801 -39.047775 2.5999994
      vertex -0.9661865 -40.204193 4.75
      vertex -1.2132072 -40.50924 4.75
    endloop
  endfacet
  facet normal 0.50012356 -0.50012356 -0.706932
    outer loop
      vertex -2.790801 -39.047775 2.5999994
      vertex -1.2132072 -40.50924 4.75
      vertex -1.4907608 -40.786793 4.75
    endloop
  endfacet
  facet normal 0.8005391 -0.59928054 0
    outer loop
      vertex -2.790801 -39.047775 2.5999994
      vertex -2.6539946 -38.865025 0.79999924
      vertex -2.6539946 -38.865025 2.5999994
    endloop
  endfacet
  facet normal 0.5655806 -0.42339152 -0.70771337
    outer loop
      vertex -2.790801 -39.047775 2.5999994
      vertex -2.6539946 -38.865025 2.5999994
      vertex -0.9661865 -40.204193 4.75
    endloop
  endfacet
  facet normal 0.80054057 -0.59927857 0
    outer loop
      vertex -2.790801 2.9522238 0.79999924
      vertex -2.6539946 3.1349754 0.79999924
      vertex -2.790801 2.9522238 2.5999994
    endloop
  endfacet
  facet normal 0.55006874 -0.44543695 -0.7064066
    outer loop
      vertex -2.790801 2.9522238 2.5999994
      vertex -0.9661865 1.7958059 4.75
      vertex -1.2132072 1.4907608 4.75
    endloop
  endfacet
  facet normal 0.5001236 -0.5001236 -0.70693195
    outer loop
      vertex -2.790801 2.9522238 2.5999994
      vertex -1.2132072 1.4907608 4.75
      vertex -1.4907608 1.2132072 4.75
    endloop
  endfacet
  facet normal 0.80054057 -0.59927857 0
    outer loop
      vertex -2.790801 2.9522238 2.5999994
      vertex -2.6539946 3.1349754 0.79999924
      vertex -2.6539946 3.1349754 2.5999994
    endloop
  endfacet
  facet normal 0.5655816 -0.42339006 -0.7077134
    outer loop
      vertex -2.790801 2.9522238 2.5999994
      vertex -2.6539946 3.1349754 2.5999994
      vertex -0.9661865 1.7958059 4.75
    endloop
  endfacet
  facet normal 0.8005391 0.59928054 0
    outer loop
      vertex -2.790801 39.047775 0.79999924
      vertex -2.6539946 38.865025 2.5999994
      vertex -2.6539946 38.865025 0.79999924
    endloop
  endfacet
  facet normal 0.8005391 0.59928054 0
    outer loop
      vertex -2.790801 39.047775 0.79999924
      vertex -2.790801 39.047775 2.5999994
      vertex -2.6539946 38.865025 2.5999994
    endloop
  endfacet
  facet normal 0.5655806 0.42339152 -0.70771337
    outer loop
      vertex -2.790801 39.047775 2.5999994
      vertex -0.9661865 40.204193 4.75
      vertex -2.6539946 38.865025 2.5999994
    endloop
  endfacet
  facet normal 0.55006933 0.4454361 -0.70640665
    outer loop
      vertex -2.790801 39.047775 2.5999994
      vertex -1.2132072 40.50924 4.75
      vertex -0.9661865 40.204193 4.75
    endloop
  endfacet
  facet normal 0.50012356 0.50012356 -0.706932
    outer loop
      vertex -2.790801 39.047775 2.5999994
      vertex -1.4907608 40.786793 4.75
      vertex -1.2132072 40.50924 4.75
    endloop
  endfacet
  facet normal 0 0 -1
    outer loop
      vertex -2.8411865 -0.43353844 4.75
      vertex -2.4747381 0.5742054 4.75
      vertex -2.4747381 -0.5742054 4.75
    endloop
  endfacet
  facet normal 0 0 -1
    outer loop
      vertex -2.8411865 -0.43353844 4.75
      vertex -2.8411865 0.43353844 4.75
      vertex -2.4747381 0.5742054 4.75
    endloop
  endfacet
  facet normal 0 0 -1
    outer loop
      vertex -2.8411865 -41.56646 4.75
      vertex -2.4747381 -41.425797 4.75
      vertex 2.8411865 -41.56646 4.75
    endloop
  endfacet
  facet normal 0 0 -1
    outer loop
      vertex -2.8411865 -41.56646 4.75
      vertex 2.8411865 -41.56646 4.75
      vertex 3.2203312 -41.668053 4.75
    endloop
  endfacet
  facet normal 0 0 -1
    outer loop
      vertex -2.8411865 41.56646 4.75
      vertex 2.8411865 41.56646 4.75
      vertex -2.4747381 41.425797 4.75
    endloop
  endfacet
  facet normal 0 0 -1
    outer loop
      vertex -2.8411865 41.56646 4.75
      vertex 3.2203312 41.668053 4.75
      vertex 2.8411865 41.56646 4.75
    endloop
  endfacet
  facet normal 0.70710677 0.70710677 0
    outer loop
      vertex -2.9522238 -2.790801 0.79999924
      vertex -2.790801 -2.9522238 2.5999994
      vertex -2.790801 -2.9522238 0.79999924
    endloop
  endfacet
  facet normal 0.70710677 0.70710677 0
    outer loop
      vertex -2.9522238 -2.790801 0.79999924
      vertex -2.9522238 -2.790801 2.5999994
      vertex -2.790801 -2.9522238 2.5999994
    endloop
  endfacet
  facet normal 0.5001236 0.5001236 -0.70693195
    outer loop
      vertex -2.9522238 -2.790801 2.5999994
      vertex -1.4907608 -1.2132072 4.75
      vertex -2.790801 -2.9522238 2.5999994
    endloop
  endfacet
  facet normal 0.44543695 0.55006874 -0.7064066
    outer loop
      vertex -2.9522238 -2.790801 2.5999994
      vertex -1.7958059 -0.9661865 4.75
      vertex -1.4907608 -1.2132072 4.75
    endloop
  endfacet
  facet normal 0.70710677 -0.70710677 0
    outer loop
      vertex -2.9522238 -39.209198 0.79999924
      vertex -2.790801 -39.047775 0.79999924
      vertex -2.9522238 -39.209198 2.5999994
    endloop
  endfacet
  facet normal 0.4454369 -0.5500686 -0.7064067
    outer loop
      vertex -2.9522238 -39.209198 2.5999994
      vertex -1.4907608 -40.786793 4.75
      vertex -1.7958059 -41.033813 4.75
    endloop
  endfacet
  facet normal 0.70710677 -0.70710677 0
    outer loop
      vertex -2.9522238 -39.209198 2.5999994
      vertex -2.790801 -39.047775 0.79999924
      vertex -2.790801 -39.047775 2.5999994
    endloop
  endfacet
  facet normal 0.50012356 -0.50012356 -0.706932
    outer loop
      vertex -2.9522238 -39.209198 2.5999994
      vertex -2.790801 -39.047775 2.5999994
      vertex -1.4907608 -40.786793 4.75
    endloop
  endfacet
  facet normal 0.70710677 -0.70710677 0
    outer loop
      vertex -2.9522238 2.790801 0.79999924
      vertex -2.790801 2.9522238 0.79999924
      vertex -2.9522238 2.790801 2.5999994
    endloop
  endfacet
  facet normal 0.44543695 -0.55006874 -0.7064066
    outer loop
      vertex -2.9522238 2.790801 2.5999994
      vertex -1.4907608 1.2132072 4.75
      vertex -1.7958059 0.9661865 4.75
    endloop
  endfacet
  facet normal 0.70710677 -0.70710677 0
    outer loop
      vertex -2.9522238 2.790801 2.5999994
      vertex -2.790801 2.9522238 0.79999924
      vertex -2.790801 2.9522238 2.5999994
    endloop
  endfacet
  facet normal 0.5001236 -0.5001236 -0.70693195
    outer loop
      vertex -2.9522238 2.790801 2.5999994
      vertex -2.790801 2.9522238 2.5999994
      vertex -1.4907608 1.2132072 4.75
    endloop
  endfacet
  facet normal 0.70710677 0.70710677 0
    outer loop
      vertex -2.9522238 39.209198 0.79999924
      vertex -2.790801 39.047775 2.5999994
      vertex -2.790801 39.047775 0.79999924
    endloop
  endfacet
  facet normal 0.70710677 0.70710677 0
    outer loop
      vertex -2.9522238 39.209198 0.79999924
      vertex -2.9522238 39.209198 2.5999994
      vertex -2.790801 39.047775 2.5999994
    endloop
  endfacet
  facet normal 0.50012356 0.50012356 -0.706932
    outer loop
      vertex -2.9522238 39.209198 2.5999994
      vertex -1.4907608 40.786793 4.75
      vertex -2.790801 39.047775 2.5999994
    endloop
  endfacet
  facet normal 0.4454369 0.5500686 -0.7064067
    outer loop
      vertex -2.9522238 39.209198 2.5999994
      vertex -1.7958059 41.033813 4.75
      vertex -1.4907608 40.786793 4.75
    endloop
  endfacet
  facet normal 1 0 0
    outer loop
      vertex -25.599998 -12.049999 34
      vertex -25.599998 20.75 7.25
      vertex -25.599998 20.75 34
    endloop
  endfacet
  facet normal 1 0 0
    outer loop
      vertex -25.599998 -12.049999 7.25
      vertex -25.599998 20.75 7.25
      vertex -25.599998 -12.049999 34
    endloop
  endfacet
  facet normal 0 0 1
    outer loop
      vertex -25.599998 -12.049999 7.25
      vertex 25.599998 -12.049999 7.25
      vertex -25.599998 20.75 7.25
    endloop
  endfacet
  facet normal 0 -0.70710677 0.70710677
    outer loop
      vertex -25.599998 20.75 34
      vertex 25.599998 20.75 34
      vertex 25.599998 21.75 35
    endloop
  endfacet
  facet normal 0 -0.70710677 0.70710677
    outer loop
      vertex -25.599998 20.75 34
      vertex 25.599998 21.75 35
      vertex -25.599998 21.75 35
    endloop
  endfacet
  facet normal 0 0 1
    outer loop
      vertex -25.599998 20.75 7.25
      vertex 25.599998 -12.049999 7.25
      vertex 25.599998 20.75 7.25
    endloop
  endfacet
  facet normal 0 -1 0
    outer loop
      vertex -25.599998 20.75 7.25
      vertex 25.599998 20.75 34
      vertex -25.599998 20.75 34
    endloop
  endfacet
  facet normal 0 -1 0
    outer loop
      vertex -25.599998 20.75 7.25
      vertex 25.599998 20.75 7.25
      vertex 25.599998 20.75 34
    endloop
  endfacet
  facet normal 0 0 1
    outer loop
      vertex -25.599998 21.75 35
      vertex 25.599998 21.75 35
      vertex 38 41.75 35
    endloop
  endfacet
  facet normal 0.08554394 -0.7045148 0.7045148
    outer loop
      vertex -25.839315 21.720942 35
      vertex -25.599998 20.75 34
      vertex -25.599998 21.75 35
    endloop
  endfacet
  facet normal 0.25165734 -0.66357154 0.70451504
    outer loop
      vertex -26.064724 21.635456 35
      vertex -25.599998 20.75 34
      vertex -25.839315 21.720942 35
    endloop
  endfacet
  facet normal 0.4031514 -0.5840611 0.70451516
    outer loop
      vertex -26.263123 21.49851 35
      vertex -25.599998 20.75 34
      vertex -26.064724 21.635456 35
    endloop
  endfacet
  facet normal 0.531209 -0.4706117 0.7045152
    outer loop
      vertex -26.422983 21.318066 35
      vertex -25.599998 20.75 34
      vertex -26.263123 21.49851 35
    endloop
  endfacet
  facet normal 0.6283996 -0.32980663 0.7045151
    outer loop
      vertex -26.535015 21.104605 35
      vertex -25.599998 20.75 34
      vertex -26.422983 21.318066 35
    endloop
  endfacet
  facet normal 0.70710677 0 0.70710677
    outer loop
      vertex -26.599998 -11.049999 35
      vertex -25.599998 -12.049999 34
      vertex -25.599998 20.75 34
    endloop
  endfacet
  facet normal 0.70710677 0 0.70710677
    outer loop
      vertex -26.599998 -11.049999 35
      vertex -25.599998 20.75 34
      vertex -26.599998 20.75 35
    endloop
  endfacet
  facet normal 0.7012439 -0.128507 0.7012439
    outer loop
      vertex -26.599998 20.75 35
      vertex -25.599998 20.75 34
      vertex -26.535015 21.104605 35
    endloop
  endfacet
  facet normal 0.59927857 0.80054057 0
    outer loop
      vertex -3.1349754 -2.6539946 0.79999924
      vertex -3.1349754 -2.6539946 2.5999994
      vertex -2.9522238 -2.790801 0.79999924
    endloop
  endfacet
  facet normal 0.42339006 0.5655816 -0.7077134
    outer loop
      vertex -3.1349754 -2.6539946 2.5999994
      vertex -1.7958059 -0.9661865 4.75
      vertex -2.9522238 -2.790801 2.5999994
    endloop
  endfacet
  facet normal 0.38557646 0.59373677 -0.706263
    outer loop
      vertex -3.1349754 -2.6539946 2.5999994
      vertex -2.125001 -0.75240517 4.75
      vertex -1.7958059 -0.9661865 4.75
    endloop
  endfacet
  facet normal 0.59927857 0.80054057 0
    outer loop
      vertex -3.1349754 -2.6539946 2.5999994
      vertex -2.9522238 -2.790801 2.5999994
      vertex -2.9522238 -2.790801 0.79999924
    endloop
  endfacet
  facet normal 0.59927857 -0.80054057 0
    outer loop
      vertex -3.1349754 -39.346004 0.79999924
      vertex -2.9522238 -39.209198 0.79999924
      vertex -2.9522238 -39.209198 2.5999994
    endloop
  endfacet
  facet normal 0.59927857 -0.80054057 0
    outer loop
      vertex -3.1349754 -39.346004 0.79999924
      vertex -2.9522238 -39.209198 2.5999994
      vertex -3.1349754 -39.346004 2.5999994
    endloop
  endfacet
  facet normal 0.3855795 -0.59373444 -0.70626336
    outer loop
      vertex -3.1349754 -39.346004 2.5999994
      vertex -1.7958059 -41.033813 4.75
      vertex -2.125 -41.247597 4.75
    endloop
  endfacet
  facet normal 0.42339 -0.5655815 -0.70771354
    outer loop
      vertex -3.1349754 -39.346004 2.5999994
      vertex -2.9522238 -39.209198 2.5999994
      vertex -1.7958059 -41.033813 4.75
    endloop
  endfacet
  facet normal 0.59927857 -0.80054057 0
    outer loop
      vertex -3.1349754 2.6539946 0.79999924
      vertex -2.9522238 2.790801 0.79999924
      vertex -2.9522238 2.790801 2.5999994
    endloop
  endfacet
  facet normal 0.59927857 -0.80054057 0
    outer loop
      vertex -3.1349754 2.6539946 0.79999924
      vertex -2.9522238 2.790801 2.5999994
      vertex -3.1349754 2.6539946 2.5999994
    endloop
  endfacet
  facet normal 0.38557723 -0.59373623 -0.70626307
    outer loop
      vertex -3.1349754 2.6539946 2.5999994
      vertex -1.7958059 0.9661865 4.75
      vertex -2.125 0.75240517 4.75
    endloop
  endfacet
  facet normal 0.42339006 -0.5655816 -0.7077134
    outer loop
      vertex -3.1349754 2.6539946 2.5999994
      vertex -2.9522238 2.790801 2.5999994
      vertex -1.7958059 0.9661865 4.75
    endloop
  endfacet
  facet normal 0.59927857 0.80054057 0
    outer loop
      vertex -3.1349754 39.346004 0.79999924
      vertex -3.1349754 39.346004 2.5999994
      vertex -2.9522238 39.209198 0.79999924
    endloop
  endfacet
  facet normal 0.42339 0.5655815 -0.70771354
    outer loop
      vertex -3.1349754 39.346004 2.5999994
      vertex -1.7958059 41.033813 4.75
      vertex -2.9522238 39.209198 2.5999994
    endloop
  endfacet
  facet normal 0.38557872 0.593735 -0.7062633
    outer loop
      vertex -3.1349754 39.346004 2.5999994
      vertex -2.125001 41.247597 4.75
      vertex -1.7958059 41.033813 4.75
    endloop
  endfacet
  facet normal 0.59927857 0.80054057 0
    outer loop
      vertex -3.1349754 39.346004 2.5999994
      vertex -2.9522238 39.209198 2.5999994
      vertex -2.9522238 39.209198 0.79999924
    endloop
  endfacet
  facet normal 0.7062038 -0.050509468 -0.70620465
    outer loop
      vertex -3.2000008 -38 0
      vertex -2.4000006 -38 0.79999924
      vertex -2.4162865 -38.227703 0.79999924
    endloop
  endfacet
  facet normal 0.70710635 0 -0.7071072
    outer loop
      vertex -3.2000008 -38 0
      vertex -2.4000006 -4 0.79999924
      vertex -2.4000006 -38 0.79999924
    endloop
  endfacet
  facet normal 0.70710635 0 -0.7071072
    outer loop
      vertex -3.2000008 -38 0
      vertex -3.2000008 -4 0
      vertex -2.4000006 -4 0.79999924
    endloop
  endfacet
  facet normal 0.7062038 0.050509468 -0.70620465
    outer loop
      vertex -3.2000008 -4 0
      vertex -2.4162865 -3.772297 0.79999924
      vertex -2.4000006 -4 0.79999924
    endloop
  endfacet
  facet normal 0.7062038 0.050509468 -0.70620465
    outer loop
      vertex -3.2000008 38 0
      vertex -2.4162865 38.227703 0.79999924
      vertex -2.4000006 38 0.79999924
    endloop
  endfacet
  facet normal 0.70710635 0 -0.7071072
    outer loop
      vertex -3.2000008 4 0
      vertex -2.4000006 38 0.79999924
      vertex -2.4000006 4 0.79999924
    endloop
  endfacet
  facet normal 0.7062038 -0.050509468 -0.70620465
    outer loop
      vertex -3.2000008 4 0
      vertex -2.4000006 4 0.79999924
      vertex -2.4162865 3.772297 0.79999924
    endloop
  endfacet
  facet normal 0.70710635 0 -0.7071072
    outer loop
      vertex -3.2000008 4 0
      vertex -3.2000008 38 0
      vertex -2.4000006 38 0.79999924
    endloop
  endfacet
  facet normal 0 0 -1
    outer loop
      vertex -3.2203312 -0.33194733 4.75
      vertex -2.8411865 0.43353844 4.75
      vertex -2.8411865 -0.43353844 4.75
    endloop
  endfacet
  facet normal 0 0 -1
    outer loop
      vertex -3.2203312 -0.33194733 4.75
      vertex -3.2203312 0.33194733 4.75
      vertex -2.8411865 0.43353844 4.75
    endloop
  endfacet
  facet normal 0 0 -1
    outer loop
      vertex -3.2203312 -41.668053 4.75
      vertex -2.8411865 -41.56646 4.75
      vertex 3.2203312 -41.668053 4.75
    endloop
  endfacet
  facet normal 0 0 -1
    outer loop
      vertex -3.2203312 -41.668053 4.75
      vertex 3.2203312 -41.668053 4.75
      vertex 3.6080189 -41.729458 4.75
    endloop
  endfacet
  facet normal 0 0 -1
    outer loop
      vertex -3.2203312 41.668053 4.75
      vertex 3.2203312 41.668053 4.75
      vertex -2.8411865 41.56646 4.75
    endloop
  endfacet
  facet normal 0 0 -1
    outer loop
      vertex -3.2203312 41.668053 4.75
      vertex 3.6080189 41.729458 4.75
      vertex 3.2203312 41.668053 4.75
    endloop
  endfacet
  facet normal 0.69811445 0.091907 -0.7100629
    outer loop
      vertex -3.2272596 -3.792945 0
      vertex -2.4162865 -3.772297 0.79999924
      vertex -3.2000008 -4 0
    endloop
  endfacet
  facet normal 0.69231784 0.15060246 -0.7057017
    outer loop
      vertex -3.2272596 -3.792945 0
      vertex -2.4648113 -3.5492287 0.79999924
      vertex -2.4162865 -3.772297 0.79999924
    endloop
  endfacet
  facet normal 0.66271114 0.2471789 -0.7069063
    outer loop
      vertex -3.2272596 -3.792945 0
      vertex -2.544589 -3.3353367 0.79999924
      vertex -2.4648113 -3.5492287 0.79999924
    endloop
  endfacet
  facet normal 0.6923177 -0.15060243 -0.7057018
    outer loop
      vertex -3.2272596 -38.207054 0
      vertex -2.4162865 -38.227703 0.79999924
      vertex -2.4648113 -38.45077 0.79999924
    endloop
  endfacet
  facet normal 0.6627117 -0.24717689 -0.7069065
    outer loop
      vertex -3.2272596 -38.207054 0
      vertex -2.4648113 -38.45077 0.79999924
      vertex -2.544589 -38.664665 0.79999924
    endloop
  endfacet
  facet normal 0.69811434 -0.09190741 -0.7100629
    outer loop
      vertex -3.2272596 -38.207054 0
      vertex -3.2000008 -38 0
      vertex -2.4162865 -38.227703 0.79999924
    endloop
  endfacet
  facet normal 0.69231784 -0.15060246 -0.7057017
    outer loop
      vertex -3.2272596 3.792945 0
      vertex -2.4162865 3.772297 0.79999924
      vertex -2.4648113 3.5492287 0.79999924
    endloop
  endfacet
  facet normal 0.66271114 -0.2471789 -0.7069063
    outer loop
      vertex -3.2272596 3.792945 0
      vertex -2.4648113 3.5492287 0.79999924
      vertex -2.544589 3.3353367 0.79999924
    endloop
  endfacet
  facet normal 0.69811445 -0.091907 -0.7100629
    outer loop
      vertex -3.2272596 3.792945 0
      vertex -3.2000008 4 0
      vertex -2.4162865 3.772297 0.79999924
    endloop
  endfacet
  facet normal 0.69811434 0.09190741 -0.7100629
    outer loop
      vertex -3.2272596 38.207054 0
      vertex -2.4162865 38.227703 0.79999924
      vertex -3.2000008 38 0
    endloop
  endfacet
  facet normal 0.6923177 0.15060243 -0.7057018
    outer loop
      vertex -3.2272596 38.207054 0
      vertex -2.4648113 38.45077 0.79999924
      vertex -2.4162865 38.227703 0.79999924
    endloop
  endfacet
  facet normal 0.6627117 0.24717689 -0.7069065
    outer loop
      vertex -3.2272596 38.207054 0
      vertex -2.544589 38.664665 0.79999924
      vertex -2.4648113 38.45077 0.79999924
    endloop
  endfacet
  facet normal 0.65090656 0.26961613 -0.7096674
    outer loop
      vertex -3.3071804 -3.6000004 0
      vertex -2.544589 -3.3353367 0.79999924
      vertex -3.2272596 -3.792945 0
    endloop
  endfacet
  facet normal 0.6221075 0.3396964 -0.7053996
    outer loop
      vertex -3.3071804 -3.6000004 0
      vertex -2.6539946 -3.1349754 0.79999924
      vertex -2.544589 -3.3353367 0.79999924
    endloop
  endfacet
  facet normal 0.56550825 0.42333513 -0.7078049
    outer loop
      vertex -3.3071804 -3.6000004 0
      vertex -2.790801 -2.9522238 0.79999924
      vertex -2.6539946 -3.1349754 0.79999924
    endloop
  endfacet
  facet normal 0.6221064 -0.339699 -0.70539933
    outer loop
      vertex -3.3071804 -38.4 0
      vertex -2.544589 -38.664665 0.79999924
      vertex -2.6539946 -38.865025 0.79999924
    endloop
  endfacet
  facet normal 0.5655076 -0.42333686 -0.7078044
    outer loop
      vertex -3.3071804 -38.4 0
      vertex -2.6539946 -38.865025 0.79999924
      vertex -2.790801 -39.047775 0.79999924
    endloop
  endfacet
  facet normal 0.6509079 -0.26961267 -0.70966744
    outer loop
      vertex -3.3071804 -38.4 0
      vertex -3.2272596 -38.207054 0
      vertex -2.544589 -38.664665 0.79999924
    endloop
  endfacet
  facet normal 0.6221075 -0.3396964 -0.7053996
    outer loop
      vertex -3.3071804 3.6000004 0
      vertex -2.544589 3.3353367 0.79999924
      vertex -2.6539946 3.1349754 0.79999924
    endloop
  endfacet
  facet normal 0.56550825 -0.42333513 -0.7078049
    outer loop
      vertex -3.3071804 3.6000004 0
      vertex -2.6539946 3.1349754 0.79999924
      vertex -2.790801 2.9522238 0.79999924
    endloop
  endfacet
  facet normal 0.65090656 -0.26961613 -0.7096674
    outer loop
      vertex -3.3071804 3.6000004 0
      vertex -3.2272596 3.792945 0
      vertex -2.544589 3.3353367 0.79999924
    endloop
  endfacet
  facet normal 0.6509079 0.26961267 -0.70966744
    outer loop
      vertex -3.3071804 38.4 0
      vertex -2.544589 38.664665 0.79999924
      vertex -3.2272596 38.207054 0
    endloop
  endfacet
  facet normal 0.6221064 0.339699 -0.70539933
    outer loop
      vertex -3.3071804 38.4 0
      vertex -2.6539946 38.865025 0.79999924
      vertex -2.544589 38.664665 0.79999924
    endloop
  endfacet
  facet normal 0.5655076 0.42333686 -0.7078044
    outer loop
      vertex -3.3071804 38.4 0
      vertex -2.790801 39.047775 0.79999924
      vertex -2.6539946 38.865025 0.79999924
    endloop
  endfacet
  facet normal 0.47924897 0.877679 0
    outer loop
      vertex -3.3353367 -2.544589 0.79999924
      vertex -3.3353367 -2.544589 2.5999994
      vertex -3.1349754 -2.6539946 0.79999924
    endloop
  endfacet
  facet normal 0.33864278 0.620178 -0.70760185
    outer loop
      vertex -3.3353367 -2.544589 2.5999994
      vertex -2.125001 -0.75240517 4.75
      vertex -3.1349754 -2.6539946 2.5999994
    endloop
  endfacet
  facet normal 0.3212937 0.6305752 -0.70650214
    outer loop
      vertex -3.3353367 -2.544589 2.5999994
      vertex -2.4747381 -0.5742054 4.75
      vertex -2.125001 -0.75240517 4.75
    endloop
  endfacet
  facet normal 0.25352782 0.66045976 -0.7067648
    outer loop
      vertex -3.3353367 -2.544589 2.5999994
      vertex -2.8411865 -0.43353844 4.75
      vertex -2.4747381 -0.5742054 4.75
    endloop
  endfacet
  facet normal 0.47924897 0.877679 0
    outer loop
      vertex -3.3353367 -2.544589 2.5999994
      vertex -3.1349754 -2.6539946 2.5999994
      vertex -3.1349754 -2.6539946 0.79999924
    endloop
  endfacet
  facet normal 0.47924897 -0.877679 0
    outer loop
      vertex -3.3353367 -39.45541 0.79999924
      vertex -3.1349754 -39.346004 0.79999924
      vertex -3.1349754 -39.346004 2.5999994
    endloop
  endfacet
  facet normal 0.47924897 -0.877679 0
    outer loop
      vertex -3.3353367 -39.45541 0.79999924
      vertex -3.1349754 -39.346004 2.5999994
      vertex -3.3353367 -39.45541 2.5999994
    endloop
  endfacet
  facet normal 0.32129282 -0.6305752 -0.70650256
    outer loop
      vertex -3.3353367 -39.45541 2.5999994
      vertex -2.125 -41.247597 4.75
      vertex -2.4747381 -41.425797 4.75
    endloop
  endfacet
  facet normal 0.25352174 -0.6604618 -0.7067651
    outer loop
      vertex -3.3353367 -39.45541 2.5999994
      vertex -2.4747381 -41.425797 4.75
      vertex -2.8411865 -41.56646 4.75
    endloop
  endfacet
  facet normal 0.33864254 -0.6201775 -0.7076023
    outer loop
      vertex -3.3353367 -39.45541 2.5999994
      vertex -3.1349754 -39.346004 2.5999994
      vertex -2.125 -41.247597 4.75
    endloop
  endfacet
  facet normal 0.47924897 -0.877679 0
    outer loop
      vertex -3.3353367 2.544589 0.79999924
      vertex -3.1349754 2.6539946 0.79999924
      vertex -3.1349754 2.6539946 2.5999994
    endloop
  endfacet
  facet normal 0.47924897 -0.877679 0
    outer loop
      vertex -3.3353367 2.544589 0.79999924
      vertex -3.1349754 2.6539946 2.5999994
      vertex -3.3353367 2.544589 2.5999994
    endloop
  endfacet
  facet normal 0.32129303 -0.63057554 -0.70650214
    outer loop
      vertex -3.3353367 2.544589 2.5999994
      vertex -2.125 0.75240517 4.75
      vertex -2.4747381 0.5742054 4.75
    endloop
  endfacet
  facet normal 0.25352782 -0.66045976 -0.7067648
    outer loop
      vertex -3.3353367 2.544589 2.5999994
      vertex -2.4747381 0.5742054 4.75
      vertex -2.8411865 0.43353844 4.75
    endloop
  endfacet
  facet normal 0.33864275 -0.62017787 -0.7076019
    outer loop
      vertex -3.3353367 2.544589 2.5999994
      vertex -3.1349754 2.6539946 2.5999994
      vertex -2.125 0.75240517 4.75
    endloop
  endfacet
  facet normal 0.47924897 0.877679 0
    outer loop
      vertex -3.3353367 39.45541 0.79999924
      vertex -3.3353367 39.45541 2.5999994
      vertex -3.1349754 39.346004 0.79999924
    endloop
  endfacet
  facet normal 0.33864257 0.62017757 -0.70760226
    outer loop
      vertex -3.3353367 39.45541 2.5999994
      vertex -2.125001 41.247597 4.75
      vertex -3.1349754 39.346004 2.5999994
    endloop
  endfacet
  facet normal 0.32129353 0.6305748 -0.70650256
    outer loop
      vertex -3.3353367 39.45541 2.5999994
      vertex -2.4747381 41.425797 4.75
      vertex -2.125001 41.247597 4.75
    endloop
  endfacet
  facet normal 0.25352174 0.6604618 -0.7067651
    outer loop
      vertex -3.3353367 39.45541 2.5999994
      vertex -2.8411865 41.56646 4.75
      vertex -2.4747381 41.425797 4.75
    endloop
  endfacet
  facet normal 0.47924897 0.877679 0
    outer loop
      vertex -3.3353367 39.45541 2.5999994
      vertex -3.1349754 39.346004 2.5999994
      vertex -3.1349754 39.346004 0.79999924
    endloop
  endfacet
  facet normal 0.5595815 0.4293795 -0.70887357
    outer loop
      vertex -3.4343147 -3.4343147 0
      vertex -2.790801 -2.9522238 0.79999924
      vertex -3.3071804 -3.6000004 0
    endloop
  endfacet
  facet normal 0.50127554 0.50127554 -0.70529824
    outer loop
      vertex -3.4343147 -3.4343147 0
      vertex -2.9522238 -2.790801 0.79999924
      vertex -2.790801 -2.9522238 0.79999924
    endloop
  endfacet
  facet normal 0.5012758 -0.5012758 -0.70529795
    outer loop
      vertex -3.4343147 -38.565685 0
      vertex -2.790801 -39.047775 0.79999924
      vertex -2.9522238 -39.209198 0.79999924
    endloop
  endfacet
  facet normal 0.5595794 -0.42938277 -0.70887333
    outer loop
      vertex -3.4343147 -38.565685 0
      vertex -3.3071804 -38.4 0
      vertex -2.790801 -39.047775 0.79999924
    endloop
  endfacet
  facet normal 0.50127554 -0.50127554 -0.70529824
    outer loop
      vertex -3.4343147 3.4343147 0
      vertex -2.790801 2.9522238 0.79999924
      vertex -2.9522238 2.790801 0.79999924
    endloop
  endfacet
  facet normal 0.5595815 -0.4293795 -0.70887357
    outer loop
      vertex -3.4343147 3.4343147 0
      vertex -3.3071804 3.6000004 0
      vertex -2.790801 2.9522238 0.79999924
    endloop
  endfacet
  facet normal 0.5595794 0.42938277 -0.70887333
    outer loop
      vertex -3.4343147 38.565685 0
      vertex -2.790801 39.047775 0.79999924
      vertex -3.3071804 38.4 0
    endloop
  endfacet
  facet normal 0.5012758 0.5012758 -0.70529795
    outer loop
      vertex -3.4343147 38.565685 0
      vertex -2.9522238 39.209198 0.79999924
      vertex -2.790801 39.047775 0.79999924
    endloop
  endfacet
  facet normal 0.34946468 0.93694955 0
    outer loop
      vertex -3.5492287 -2.4648113 0.79999924
      vertex -3.5492287 -2.4648113 2.5999994
      vertex -3.3353367 -2.544589 0.79999924
    endloop
  endfacet
  facet normal 0.24707234 0.66242546 -0.70721126
    outer loop
      vertex -3.5492287 -2.4648113 2.5999994
      vertex -2.8411865 -0.43353844 4.75
      vertex -3.3353367 -2.544589 2.5999994
    endloop
  endfacet
  facet normal 0.18321162 0.6837578 -0.70633477
    outer loop
      vertex -3.5492287 -2.4648113 2.5999994
      vertex -3.2203312 -0.33194733 4.75
      vertex -2.8411865 -0.43353844 4.75
    endloop
  endfacet
  facet normal 0.34946468 0.93694955 0
    outer loop
      vertex -3.5492287 -2.4648113 2.5999994
      vertex -3.3353367 -2.544589 2.5999994
      vertex -3.3353367 -2.544589 0.79999924
    endloop
  endfacet
  facet normal 0.34946102 -0.9369509 0
    outer loop
      vertex -3.5492287 -39.535187 0.79999924
      vertex -3.3353367 -39.45541 0.79999924
      vertex -3.3353367 -39.45541 2.5999994
    endloop
  endfacet
  facet normal 0.34946102 -0.9369509 0
    outer loop
      vertex -3.5492287 -39.535187 0.79999924
      vertex -3.3353367 -39.45541 2.5999994
      vertex -3.5492287 -39.535187 2.5999994
    endloop
  endfacet
  facet normal 0.1832148 -0.68375677 -0.7063349
    outer loop
      vertex -3.5492287 -39.535187 2.5999994
      vertex -2.8411865 -41.56646 4.75
      vertex -3.2203312 -41.668053 4.75
    endloop
  endfacet
  facet normal 0.24706975 -0.6624264 -0.70721126
    outer loop
      vertex -3.5492287 -39.535187 2.5999994
      vertex -3.3353367 -39.45541 2.5999994
      vertex -2.8411865 -41.56646 4.75
    endloop
  endfacet
  facet normal 0.34946468 -0.93694955 0
    outer loop
      vertex -3.5492287 2.4648113 0.79999924
      vertex -3.3353367 2.544589 0.79999924
      vertex -3.3353367 2.544589 2.5999994
    endloop
  endfacet
  facet normal 0.34946468 -0.93694955 0
    outer loop
      vertex -3.5492287 2.4648113 0.79999924
      vertex -3.3353367 2.544589 2.5999994
      vertex -3.5492287 2.4648113 2.5999994
    endloop
  endfacet
  facet normal 0.18321162 -0.6837578 -0.70633477
    outer loop
      vertex -3.5492287 2.4648113 2.5999994
      vertex -2.8411865 0.43353844 4.75
      vertex -3.2203312 0.33194733 4.75
    endloop
  endfacet
  facet normal 0.24707234 -0.66242546 -0.70721126
    outer loop
      vertex -3.5492287 2.4648113 2.5999994
      vertex -3.3353367 2.544589 2.5999994
      vertex -2.8411865 0.43353844 4.75
    endloop
  endfacet
  facet normal 0.34946102 0.9369509 0
    outer loop
      vertex -3.5492287 39.535187 0.79999924
      vertex -3.5492287 39.535187 2.5999994
      vertex -3.3353367 39.45541 0.79999924
    endloop
  endfacet
  facet normal 0.24706975 0.6624264 -0.70721126
    outer loop
      vertex -3.5492287 39.535187 2.5999994
      vertex -2.8411865 41.56646 4.75
      vertex -3.3353367 39.45541 2.5999994
    endloop
  endfacet
  facet normal 0.1832148 0.68375677 -0.7063349
    outer loop
      vertex -3.5492287 39.535187 2.5999994
      vertex -3.2203312 41.668053 4.75
      vertex -2.8411865 41.56646 4.75
    endloop
  endfacet
  facet normal 0.34946102 0.9369509 0
    outer loop
      vertex -3.5492287 39.535187 2.5999994
      vertex -3.3353367 39.45541 2.5999994
      vertex -3.3353367 39.45541 0.79999924
    endloop
  endfacet
  facet normal 0.4293795 0.5595815 -0.70887357
    outer loop
      vertex -3.6000004 -3.3071804 0
      vertex -2.9522238 -2.790801 0.79999924
      vertex -3.4343147 -3.4343147 0
    endloop
  endfacet
  facet normal 0.42333513 0.56550825 -0.7078049
    outer loop
      vertex -3.6000004 -3.3071804 0
      vertex -3.1349754 -2.6539946 0.79999924
      vertex -2.9522238 -2.790801 0.79999924
    endloop
  endfacet
  facet normal 0.3396964 0.6221075 -0.7053996
    outer loop
      vertex -3.6000004 -3.3071804 0
      vertex -3.3353367 -2.544589 0.79999924
      vertex -3.1349754 -2.6539946 0.79999924
    endloop
  endfacet
  facet normal 0.42333493 -0.565508 -0.7078052
    outer loop
      vertex -3.6000004 -38.692818 0
      vertex -2.9522238 -39.209198 0.79999924
      vertex -3.1349754 -39.346004 0.79999924
    endloop
  endfacet
  facet normal 0.33969623 -0.6221072 -0.7054
    outer loop
      vertex -3.6000004 -38.692818 0
      vertex -3.1349754 -39.346004 0.79999924
      vertex -3.3353367 -39.45541 0.79999924
    endloop
  endfacet
  facet normal 0.42937562 -0.5595849 -0.7088733
    outer loop
      vertex -3.6000004 -38.692818 0
      vertex -3.4343147 -38.565685 0
      vertex -2.9522238 -39.209198 0.79999924
    endloop
  endfacet
  facet normal 0.42333513 -0.56550825 -0.7078049
    outer loop
      vertex -3.6000004 3.3071804 0
      vertex -2.9522238 2.790801 0.79999924
      vertex -3.1349754 2.6539946 0.79999924
    endloop
  endfacet
  facet normal 0.3396964 -0.6221075 -0.7053996
    outer loop
      vertex -3.6000004 3.3071804 0
      vertex -3.1349754 2.6539946 0.79999924
      vertex -3.3353367 2.544589 0.79999924
    endloop
  endfacet
  facet normal 0.4293795 -0.5595815 -0.70887357
    outer loop
      vertex -3.6000004 3.3071804 0
      vertex -3.4343147 3.4343147 0
      vertex -2.9522238 2.790801 0.79999924
    endloop
  endfacet
  facet normal 0.42937562 0.5595849 -0.7088733
    outer loop
      vertex -3.6000004 38.692818 0
      vertex -2.9522238 39.209198 0.79999924
      vertex -3.4343147 38.565685 0
    endloop
  endfacet
  facet normal 0.42333493 0.565508 -0.7078052
    outer loop
      vertex -3.6000004 38.692818 0
      vertex -3.1349754 39.346004 0.79999924
      vertex -2.9522238 39.209198 0.79999924
    endloop
  endfacet
  facet normal 0.33969623 0.6221072 -0.7054
    outer loop
      vertex -3.6000004 38.692818 0
      vertex -3.3353367 39.45541 0.79999924
      vertex -3.1349754 39.346004 0.79999924
    endloop
  endfacet
  facet normal 0 0 -1
    outer loop
      vertex -3.6080189 -0.2705431 4.75
      vertex -3.2203312 0.33194733 4.75
      vertex -3.2203312 -0.33194733 4.75
    endloop
  endfacet
  facet normal 0 0 -1
    outer loop
      vertex -3.6080189 -0.2705431 4.75
      vertex -3.6080189 0.2705431 4.75
      vertex -3.2203312 0.33194733 4.75
    endloop
  endfacet
  facet normal 0 0 -1
    outer loop
      vertex -3.6080189 -41.729458 4.75
      vertex -3.2203312 -41.668053 4.75
      vertex 3.6080189 -41.729458 4.75
    endloop
  endfacet
  facet normal 0 0 -1
    outer loop
      vertex -3.6080189 -41.729458 4.75
      vertex 3.6080189 -41.729458 4.75
      vertex 4 -41.75 4.75
    endloop
  endfacet
  facet normal 0 0 -1
    outer loop
      vertex -3.6080189 41.729458 4.75
      vertex 3.6080189 41.729458 4.75
      vertex -3.2203312 41.668053 4.75
    endloop
  endfacet
  facet normal 0 0 -1
    outer loop
      vertex -3.6080189 41.729458 4.75
      vertex 4 41.75 4.75
      vertex 3.6080189 41.729458 4.75
    endloop
  endfacet
  facet normal 0.2125625 0.97714746 0
    outer loop
      vertex -3.772297 -2.4162865 0.79999924
      vertex -3.772297 -2.4162865 2.5999994
      vertex -3.5492287 -2.4648113 0.79999924
    endloop
  endfacet
  facet normal 0.15016346 0.6902998 -0.7077691
    outer loop
      vertex -3.772297 -2.4162865 2.5999994
      vertex -3.2203312 -0.33194733 4.75
      vertex -3.5492287 -2.4648113 2.5999994
    endloop
  endfacet
  facet normal 0.2125625 0.97714746 0
    outer loop
      vertex -3.772297 -2.4162865 2.5999994
      vertex -3.5492287 -2.4648113 2.5999994
      vertex -3.5492287 -2.4648113 0.79999924
    endloop
  endfacet
  facet normal 0.11074489 0.6992097 -0.706287
    outer loop
      vertex -3.772297 -2.4162865 2.5999994
      vertex -3.6080189 -0.2705431 4.75
      vertex -3.2203312 -0.33194733 4.75
    endloop
  endfacet
  facet normal 0.21257047 -0.97714573 0
    outer loop
      vertex -3.772297 -39.583714 0.79999924
      vertex -3.5492287 -39.535187 0.79999924
      vertex -3.5492287 -39.535187 2.5999994
    endloop
  endfacet
  facet normal 0.21257047 -0.97714573 0
    outer loop
      vertex -3.772297 -39.583714 0.79999924
      vertex -3.5492287 -39.535187 2.5999994
      vertex -3.772297 -39.583714 2.5999994
    endloop
  endfacet
  facet normal 0.11074656 -0.69920933 -0.70628715
    outer loop
      vertex -3.772297 -39.583714 2.5999994
      vertex -3.2203312 -41.668053 4.75
      vertex -3.6080189 -41.729458 4.75
    endloop
  endfacet
  facet normal 0.15016907 -0.69029844 -0.7077692
    outer loop
      vertex -3.772297 -39.583714 2.5999994
      vertex -3.5492287 -39.535187 2.5999994
      vertex -3.2203312 -41.668053 4.75
    endloop
  endfacet
  facet normal 0.2125625 -0.97714746 0
    outer loop
      vertex -3.772297 2.4162865 0.79999924
      vertex -3.5492287 2.4648113 0.79999924
      vertex -3.5492287 2.4648113 2.5999994
    endloop
  endfacet
  facet normal 0.2125625 -0.97714746 0
    outer loop
      vertex -3.772297 2.4162865 0.79999924
      vertex -3.5492287 2.4648113 2.5999994
      vertex -3.772297 2.4162865 2.5999994
    endloop
  endfacet
  facet normal 0.11074489 -0.6992097 -0.706287
    outer loop
      vertex -3.772297 2.4162865 2.5999994
      vertex -3.2203312 0.33194733 4.75
      vertex -3.6080189 0.2705431 4.75
    endloop
  endfacet
  facet normal 0.15016346 -0.6902998 -0.7077691
    outer loop
      vertex -3.772297 2.4162865 2.5999994
      vertex -3.5492287 2.4648113 2.5999994
      vertex -3.2203312 0.33194733 4.75
    endloop
  endfacet
  facet normal 0.21257047 0.97714573 0
    outer loop
      vertex -3.772297 39.583714 0.79999924
      vertex -3.772297 39.583714 2.5999994
      vertex -3.5492287 39.535187 0.79999924
    endloop
  endfacet
  facet normal 0.15016907 0.69029844 -0.7077692
    outer loop
      vertex -3.772297 39.583714 2.5999994
      vertex -3.2203312 41.668053 4.75
      vertex -3.5492287 39.535187 2.5999994
    endloop
  endfacet
  facet normal 0.21257047 0.97714573 0
    outer loop
      vertex -3.772297 39.583714 2.5999994
      vertex -3.5492287 39.535187 2.5999994
      vertex -3.5492287 39.535187 0.79999924
    endloop
  endfacet
  facet normal 0.11074656 0.69920933 -0.70628715
    outer loop
      vertex -3.772297 39.583714 2.5999994
      vertex -3.6080189 41.729458 4.75
      vertex -3.2203312 41.668053 4.75
    endloop
  endfacet
  facet normal 0.26961613 0.65090656 -0.7096674
    outer loop
      vertex -3.792945 -3.2272596 0
      vertex -3.3353367 -2.544589 0.79999924
      vertex -3.6000004 -3.3071804 0
    endloop
  endfacet
  facet normal 0.2471789 0.66271114 -0.7069063
    outer loop
      vertex -3.792945 -3.2272596 0
      vertex -3.5492287 -2.4648113 0.79999924
      vertex -3.3353367 -2.544589 0.79999924
    endloop
  endfacet
  facet normal 0.15060246 0.69231784 -0.7057017
    outer loop
      vertex -3.792945 -3.2272596 0
      vertex -3.772297 -2.4162865 0.79999924
      vertex -3.5492287 -2.4648113 0.79999924
    endloop
  endfacet
  facet normal 0.24717641 -0.66271245 -0.70690596
    outer loop
      vertex -3.792945 -38.77274 0
      vertex -3.3353367 -39.45541 0.79999924
      vertex -3.5492287 -39.535187 0.79999924
    endloop
  endfacet
  facet normal 0.15060814 -0.6923168 -0.7057016
    outer loop
      vertex -3.792945 -38.77274 0
      vertex -3.5492287 -39.535187 0.79999924
      vertex -3.772297 -39.583714 0.79999924
    endloop
  endfacet
  facet normal 0.26961875 -0.6509052 -0.7096677
    outer loop
      vertex -3.792945 -38.77274 0
      vertex -3.6000004 -38.692818 0
      vertex -3.3353367 -39.45541 0.79999924
    endloop
  endfacet
  facet normal 0.2471789 -0.66271114 -0.7069063
    outer loop
      vertex -3.792945 3.2272596 0
      vertex -3.3353367 2.544589 0.79999924
      vertex -3.5492287 2.4648113 0.79999924
    endloop
  endfacet
  facet normal 0.15060246 -0.69231784 -0.7057017
    outer loop
      vertex -3.792945 3.2272596 0
      vertex -3.5492287 2.4648113 0.79999924
      vertex -3.772297 2.4162865 0.79999924
    endloop
  endfacet
  facet normal 0.26961613 -0.65090656 -0.7096674
    outer loop
      vertex -3.792945 3.2272596 0
      vertex -3.6000004 3.3071804 0
      vertex -3.3353367 2.544589 0.79999924
    endloop
  endfacet
  facet normal 0.26961875 0.6509052 -0.7096677
    outer loop
      vertex -3.792945 38.77274 0
      vertex -3.3353367 39.45541 0.79999924
      vertex -3.6000004 38.692818 0
    endloop
  endfacet
  facet normal 0.24717641 0.66271245 -0.70690596
    outer loop
      vertex -3.792945 38.77274 0
      vertex -3.5492287 39.535187 0.79999924
      vertex -3.3353367 39.45541 0.79999924
    endloop
  endfacet
  facet normal 0.15060814 0.6923168 -0.7057016
    outer loop
      vertex -3.792945 38.77274 0
      vertex -3.772297 39.583714 0.79999924
      vertex -3.5492287 39.535187 0.79999924
    endloop
  endfacet
  facet normal 0 0 1
    outer loop
      vertex -30.5 -11.049999 35
      vertex -26.599998 -11.049999 35
      vertex -26.599998 20.75 35
    endloop
  endfacet
  facet normal 0 -0.70710677 0.70710677
    outer loop
      vertex -30.5 -12.049999 34
      vertex -25.599998 -12.049999 34
      vertex -26.599998 -11.049999 35
    endloop
  endfacet
  facet normal 0 -1 0
    outer loop
      vertex -30.5 -12.049999 34
      vertex -25.599998 -12.049999 7.25
      vertex -25.599998 -12.049999 34
    endloop
  endfacet
  facet normal 0 -0.70710677 0.70710677
    outer loop
      vertex -30.5 -12.049999 34
      vertex -26.599998 -11.049999 35
      vertex -30.5 -11.049999 35
    endloop
  endfacet
  facet normal 0 -1 0
    outer loop
      vertex -30.5 -12.049999 5.75
      vertex -25.599998 -12.049999 7.25
      vertex -30.5 -12.049999 34
    endloop
  endfacet
  facet normal 0 -1 0
    outer loop
      vertex -30.5 -12.049999 5.75
      vertex 25.599998 -12.049999 7.25
      vertex -25.599998 -12.049999 7.25
    endloop
  endfacet
  facet normal 0 -1 0
    outer loop
      vertex -30.5 -12.049999 5.75
      vertex 30.5 -12.049999 5.75
      vertex 25.599998 -12.049999 7.25
    endloop
  endfacet
  facet normal 0 0 1
    outer loop
      vertex -30.5 -12.049999 5.75
      vertex 30.5 -20.75 5.75
      vertex 30.5 -12.049999 5.75
    endloop
  endfacet
  facet normal 1 0 0
    outer loop
      vertex -30.5 -20.75 34
      vertex -30.5 -12.049999 5.75
      vertex -30.5 -12.049999 34
    endloop
  endfacet
  facet normal 0 1 0
    outer loop
      vertex -30.5 -20.75 34
      vertex 30.5 -20.75 34
      vertex 30.5 -20.75 5.75
    endloop
  endfacet
  facet normal 1 0 0
    outer loop
      vertex -30.5 -20.75 5.75
      vertex -30.5 -12.049999 5.75
      vertex -30.5 -20.75 34
    endloop
  endfacet
  facet normal 0 1 0
    outer loop
      vertex -30.5 -20.75 5.75
      vertex -30.5 -20.75 34
      vertex 30.5 -20.75 5.75
    endloop
  endfacet
  facet normal 0 0 1
    outer loop
      vertex -30.5 -20.75 5.75
      vertex 30.5 -20.75 5.75
      vertex -30.5 -12.049999 5.75
    endloop
  endfacet
  facet normal 0 0.70710677 0.70710677
    outer loop
      vertex -30.5 -21.75 35
      vertex 30.5 -20.75 34
      vertex -30.5 -20.75 34
    endloop
  endfacet
  facet normal 0 0.70710677 0.70710677
    outer loop
      vertex -30.5 -21.75 35
      vertex 30.5 -21.75 35
      vertex 30.5 -20.75 34
    endloop
  endfacet
  facet normal 0 0 1
    outer loop
      vertex -30.5 -21.75 35
      vertex 38 -41.75 35
      vertex 30.5 -21.75 35
    endloop
  endfacet
  facet normal 0 0 1
    outer loop
      vertex -30.739315 -11.079058 35
      vertex -30.5 -11.049999 35
      vertex -26.599998 20.75 35
    endloop
  endfacet
  facet normal 0.085544616 -0.70451474 0.70451474
    outer loop
      vertex -30.739315 -11.079058 35
      vertex -30.5 -12.049999 34
      vertex -30.5 -11.049999 35
    endloop
  endfacet
  facet normal 0.128507 0.7012439 0.7012439
    outer loop
      vertex -30.854605 -21.685017 35
      vertex -30.5 -21.75 35
      vertex -30.5 -20.75 34
    endloop
  endfacet
  facet normal 0.25165933 -0.6635712 0.7045147
    outer loop
      vertex -30.964722 -11.164543 35
      vertex -30.5 -12.049999 34
      vertex -30.739315 -11.079058 35
    endloop
  endfacet
  facet normal 0 0 1
    outer loop
      vertex -30.964722 -11.164543 35
      vertex -30.739315 -11.079058 35
      vertex -26.599998 20.75 35
    endloop
  endfacet
  facet normal 0.32981116 0.6283976 0.7045148
    outer loop
      vertex -31.068066 -21.572983 35
      vertex -30.854605 -21.685017 35
      vertex -30.5 -20.75 34
    endloop
  endfacet
  facet normal 0.4031491 -0.58406335 0.70451456
    outer loop
      vertex -31.163122 -11.301489 35
      vertex -30.5 -12.049999 34
      vertex -30.964722 -11.164543 35
    endloop
  endfacet
  facet normal 0 0 1
    outer loop
      vertex -31.163122 -11.301489 35
      vertex -30.964722 -11.164543 35
      vertex -26.599998 20.75 35
    endloop
  endfacet
  facet normal 0.47061202 0.53120935 0.7045147
    outer loop
      vertex -31.24851 -21.413122 35
      vertex -31.068066 -21.572983 35
      vertex -30.5 -20.75 34
    endloop
  endfacet
  facet normal 0.53121066 -0.4706107 0.70451456
    outer loop
      vertex -31.322983 -11.481935 35
      vertex -30.5 -12.049999 34
      vertex -31.163122 -11.301489 35
    endloop
  endfacet
  facet normal 0 0 1
    outer loop
      vertex -31.322983 -11.481935 35
      vertex -31.163122 -11.301489 35
      vertex -26.599998 20.75 35
    endloop
  endfacet
  facet normal 0.58406335 0.4031491 0.70451456
    outer loop
      vertex -31.385456 -21.214722 35
      vertex -31.24851 -21.413122 35
      vertex -30.5 -20.75 34
    endloop
  endfacet
  facet normal 0.62839705 -0.32981235 0.7045147
    outer loop
      vertex -31.435017 -11.6953945 35
      vertex -30.5 -12.049999 34
      vertex -31.322983 -11.481935 35
    endloop
  endfacet
  facet normal 0.6635712 0.25165933 0.7045147
    outer loop
      vertex -31.470942 -20.989315 35
      vertex -31.385456 -21.214722 35
      vertex -30.5 -20.75 34
    endloop
  endfacet
  facet normal 0.7012439 -0.128507 0.7012439
    outer loop
      vertex -31.5 -12.049999 35
      vertex -30.5 -12.049999 34
      vertex -31.435017 -11.6953945 35
    endloop
  endfacet
  facet normal 0.70710677 0 0.70710677
    outer loop
      vertex -31.5 -20.75 35
      vertex -30.5 -12.049999 34
      vertex -31.5 -12.049999 35
    endloop
  endfacet
  facet normal 0.70710677 0 0.70710677
    outer loop
      vertex -31.5 -20.75 35
      vertex -30.5 -20.75 34
      vertex -30.5 -12.049999 34
    endloop
  endfacet
  facet normal 0.70451474 0.085544616 0.70451474
    outer loop
      vertex -31.5 -20.75 35
      vertex -31.470942 -20.989315 35
      vertex -30.5 -20.75 34
    endloop
  endfacet
  facet normal 0 0 -1
    outer loop
      vertex -38 -0.25 4.75
      vertex -38 0.25 4.75
      vertex -4 0.25 4.75
    endloop
  endfacet
  facet normal 0 0.70710677 -0.70710677
    outer loop
      vertex -38 -0.25 4.75
      vertex -4 -0.25 4.75
      vertex -4 -2.4000006 2.5999994
    endloop
  endfacet
  facet normal 0 0 -1
    outer loop
      vertex -38 -0.25 4.75
      vertex -4 0.25 4.75
      vertex -4 -0.25 4.75
    endloop
  endfacet
  facet normal 0 1 0
    outer loop
      vertex -38 -2.4000006 0.79999924
      vertex -38 -2.4000006 2.5999994
      vertex -4 -2.4000006 0.79999924
    endloop
  endfacet
  facet normal 0 0.70710677 -0.70710677
    outer loop
      vertex -38 -2.4000006 2.5999994
      vertex -38 -0.25 4.75
      vertex -4 -2.4000006 2.5999994
    endloop
  endfacet
  facet normal 0 1 0
    outer loop
      vertex -38 -2.4000006 2.5999994
      vertex -4 -2.4000006 2.5999994
      vertex -4 -2.4000006 0.79999924
    endloop
  endfacet
  facet normal 0 0.70710635 -0.7071072
    outer loop
      vertex -38 -3.2000008 0
      vertex -38 -2.4000006 0.79999924
      vertex -4 -2.4000006 0.79999924
    endloop
  endfacet
  facet normal 0 0.70710635 -0.7071072
    outer loop
      vertex -38 -3.2000008 0
      vertex -4 -2.4000006 0.79999924
      vertex -4 -3.2000008 0
    endloop
  endfacet
  facet normal 0 0 -1
    outer loop
      vertex -38 -38.8 0
      vertex -38 -3.2000008 0
      vertex -4 -3.2000008 0
    endloop
  endfacet
  facet normal 0 0 -1
    outer loop
      vertex -38 -38.8 0
      vertex -4 -3.2000008 0
      vertex -4 -38.8 0
    endloop
  endfacet
  facet normal 0 -0.70710677 -0.70710677
    outer loop
      vertex -38 -38.8 0
      vertex -4 -38.8 0
      vertex -4 -39.6 0.79999924
    endloop
  endfacet
  facet normal 0 -0.70710677 -0.70710677
    outer loop
      vertex -38 -39.6 0.79999924
      vertex -38 -38.8 0
      vertex -4 -39.6 0.79999924
    endloop
  endfacet
  facet normal 0 -1 0
    outer loop
      vertex -38 -39.6 0.79999924
      vertex -4 -39.6 0.79999924
      vertex -4 -39.6 2.5999994
    endloop
  endfacet
  facet normal 0 -1 0
    outer loop
      vertex -38 -39.6 0.79999924
      vertex -4 -39.6 2.5999994
      vertex -38 -39.6 2.5999994
    endloop
  endfacet
  facet normal 0 -1 0
    outer loop
      vertex -38 -41.75 35
      vertex -4 -41.75 4.75
      vertex 38 -41.75 35
    endloop
  endfacet
  facet normal 0 0 1
    outer loop
      vertex -38 -41.75 35
      vertex 38 -41.75 35
      vertex -30.5 -21.75 35
    endloop
  endfacet
  facet normal 0 -0.70710665 -0.70710695
    outer loop
      vertex -38 -41.75 4.75
      vertex -38 -39.6 2.5999994
      vertex -4 -39.6 2.5999994
    endloop
  endfacet
  facet normal 0 -0.70710665 -0.70710695
    outer loop
      vertex -38 -41.75 4.75
      vertex -4 -39.6 2.5999994
      vertex -4 -41.75 4.75
    endloop
  endfacet
  facet normal 0 -1 0
    outer loop
      vertex -38 -41.75 4.75
      vertex -4 -41.75 4.75
      vertex -38 -41.75 35
    endloop
  endfacet
  facet normal 0 -0.70710677 -0.70710677
    outer loop
      vertex -38 0.25 4.75
      vertex -38 2.4000006 2.5999994
      vertex -4 0.25 4.75
    endloop
  endfacet
  facet normal 0 -0.70710635 -0.7071072
    outer loop
      vertex -38 2.4000006 0.79999924
      vertex -38 3.2000008 0
      vertex -4 3.2000008 0
    endloop
  endfacet
  facet normal 0 -1 0
    outer loop
      vertex -38 2.4000006 0.79999924
      vertex -4 2.4000006 0.79999924
      vertex -4 2.4000006 2.5999994
    endloop
  endfacet
  facet normal 0 -1 0
    outer loop
      vertex -38 2.4000006 0.79999924
      vertex -4 2.4000006 2.5999994
      vertex -38 2.4000006 2.5999994
    endloop
  endfacet
  facet normal 0 -0.70710635 -0.7071072
    outer loop
      vertex -38 2.4000006 0.79999924
      vertex -4 3.2000008 0
      vertex -4 2.4000006 0.79999924
    endloop
  endfacet
  facet normal 0 -0.70710677 -0.70710677
    outer loop
      vertex -38 2.4000006 2.5999994
      vertex -4 2.4000006 2.5999994
      vertex -4 0.25 4.75
    endloop
  endfacet
  facet normal 0 0 -1
    outer loop
      vertex -38 3.2000008 0
      vertex -38 38.8 0
      vertex -4 38.8 0
    endloop
  endfacet
  facet normal 0 0 -1
    outer loop
      vertex -38 3.2000008 0
      vertex -4 38.8 0
      vertex -4 3.2000008 0
    endloop
  endfacet
  facet normal 0 0.70710677 -0.70710677
    outer loop
      vertex -38 38.8 0
      vertex -38 39.6 0.79999924
      vertex -4 38.8 0
    endloop
  endfacet
  facet normal 0 1 0
    outer loop
      vertex -38 39.6 0.79999924
      vertex -38 39.6 2.5999994
      vertex -4 39.6 0.79999924
    endloop
  endfacet
  facet normal 0 0.70710677 -0.70710677
    outer loop
      vertex -38 39.6 0.79999924
      vertex -4 39.6 0.79999924
      vertex -4 38.8 0
    endloop
  endfacet
  facet normal 0 0.70710665 -0.70710695
    outer loop
      vertex -38 39.6 2.5999994
      vertex -38 41.75 4.75
      vertex -4 41.75 4.75
    endloop
  endfacet
  facet normal 0 1 0
    outer loop
      vertex -38 39.6 2.5999994
      vertex -4 39.6 2.5999994
      vertex -4 39.6 0.79999924
    endloop
  endfacet
  facet normal 0 0.70710665 -0.70710695
    outer loop
      vertex -38 39.6 2.5999994
      vertex -4 41.75 4.75
      vertex -4 39.6 2.5999994
    endloop
  endfacet
  facet normal 0 0 1
    outer loop
      vertex -38 41.75 35
      vertex -25.599998 21.75 35
      vertex 38 41.75 35
    endloop
  endfacet
  facet normal 0 0 1
    outer loop
      vertex -38 41.75 35
      vertex -25.839315 21.720942 35
      vertex -25.599998 21.75 35
    endloop
  endfacet
  facet normal 0 0 1
    outer loop
      vertex -38 41.75 35
      vertex -26.064724 21.635456 35
      vertex -25.839315 21.720942 35
    endloop
  endfacet
  facet normal 0 1 0
    outer loop
      vertex -38 41.75 35
      vertex 38 41.75 35
      vertex 4 41.75 4.75
    endloop
  endfacet
  facet normal 0 1 0
    outer loop
      vertex -38 41.75 35
      vertex 4 41.75 4.75
      vertex -4 41.75 4.75
    endloop
  endfacet
  facet normal 0 1 0
    outer loop
      vertex -38 41.75 4.75
      vertex -38 41.75 35
      vertex -4 41.75 4.75
    endloop
  endfacet
  facet normal -0.050509468 0.7062038 -0.70620465
    outer loop
      vertex -38.227703 -2.4162865 0.79999924
      vertex -38 -2.4000006 0.79999924
      vertex -38 -3.2000008 0
    endloop
  endfacet
  facet normal -0.09190741 0.69811434 -0.7100629
    outer loop
      vertex -38.227703 -2.4162865 0.79999924
      vertex -38 -3.2000008 0
      vertex -38.207054 -3.2272596 0
    endloop
  endfacet
  facet normal -0.07134027 0.997452 0
    outer loop
      vertex -38.227703 -2.4162865 0.79999924
      vertex -38.227703 -2.4162865 2.5999994
      vertex -38 -2.4000006 0.79999924
    endloop
  endfacet
  facet normal -0.07134027 0.997452 0
    outer loop
      vertex -38.227703 -2.4162865 2.5999994
      vertex -38 -2.4000006 2.5999994
      vertex -38 -2.4000006 0.79999924
    endloop
  endfacet
  facet normal -0.050506547 -0.7062043 -0.7062043
    outer loop
      vertex -38.227703 -39.583714 0.79999924
      vertex -38 -38.8 0
      vertex -38 -39.6 0.79999924
    endloop
  endfacet
  facet normal -0.07133611 -0.9974523 0
    outer loop
      vertex -38.227703 -39.583714 0.79999924
      vertex -38 -39.6 0.79999924
      vertex -38 -39.6 2.5999994
    endloop
  endfacet
  facet normal -0.07133611 -0.9974523 0
    outer loop
      vertex -38.227703 -39.583714 0.79999924
      vertex -38 -39.6 2.5999994
      vertex -38.227703 -39.583714 2.5999994
    endloop
  endfacet
  facet normal -0.09191054 -0.6981137 -0.71006316
    outer loop
      vertex -38.227703 -39.583714 0.79999924
      vertex -38.207054 -38.77274 0
      vertex -38 -38.8 0
    endloop
  endfacet
  facet normal -0.07134027 -0.997452 0
    outer loop
      vertex -38.227703 2.4162865 0.79999924
      vertex -38 2.4000006 0.79999924
      vertex -38 2.4000006 2.5999994
    endloop
  endfacet
  facet normal -0.07134027 -0.997452 0
    outer loop
      vertex -38.227703 2.4162865 0.79999924
      vertex -38 2.4000006 2.5999994
      vertex -38.227703 2.4162865 2.5999994
    endloop
  endfacet
  facet normal -0.050509468 -0.7062038 -0.70620465
    outer loop
      vertex -38.227703 2.4162865 0.79999924
      vertex -38 3.2000008 0
      vertex -38 2.4000006 0.79999924
    endloop
  endfacet
  facet normal -0.09190741 -0.69811434 -0.7100629
    outer loop
      vertex -38.227703 2.4162865 0.79999924
      vertex -38.207054 3.2272596 0
      vertex -38 3.2000008 0
    endloop
  endfacet
  facet normal -0.09191054 0.6981137 -0.71006316
    outer loop
      vertex -38.227703 39.583714 0.79999924
      vertex -38 38.8 0
      vertex -38.207054 38.77274 0
    endloop
  endfacet
  facet normal -0.050506547 0.7062043 -0.7062043
    outer loop
      vertex -38.227703 39.583714 0.79999924
      vertex -38 39.6 0.79999924
      vertex -38 38.8 0
    endloop
  endfacet
  facet normal -0.07133611 0.9974523 0
    outer loop
      vertex -38.227703 39.583714 0.79999924
      vertex -38.227703 39.583714 2.5999994
      vertex -38 39.6 0.79999924
    endloop
  endfacet
  facet normal -0.07133611 0.9974523 0
    outer loop
      vertex -38.227703 39.583714 2.5999994
      vertex -38 39.6 2.5999994
      vertex -38 39.6 0.79999924
    endloop
  endfacet
  facet normal -0.037032727 0.70662177 -0.70662177
    outer loop
      vertex -38.391983 -0.2705431 4.75
      vertex -38 -0.25 4.75
      vertex -38 -2.4000006 2.5999994
    endloop
  endfacet
  facet normal -0.050421786 0.70497787 -0.70743465
    outer loop
      vertex -38.391983 -0.2705431 4.75
      vertex -38 -2.4000006 2.5999994
      vertex -38.227703 -2.4162865 2.5999994
    endloop
  endfacet
  facet normal 0 0 -1
    outer loop
      vertex -38.391983 -0.2705431 4.75
      vertex -38 0.25 4.75
      vertex -38 -0.25 4.75
    endloop
  endfacet
  facet normal 0 0 -1
    outer loop
      vertex -38.391983 -0.2705431 4.75
      vertex -38.391983 0.2705431 4.75
      vertex -38 0.25 4.75
    endloop
  endfacet
  facet normal -0.037031002 -0.70662165 -0.70662194
    outer loop
      vertex -38.391983 -41.729458 4.75
      vertex -38 -39.6 2.5999994
      vertex -38 -41.75 4.75
    endloop
  endfacet
  facet normal -0.052333884 -0.9986296 0
    outer loop
      vertex -38.391983 -41.729458 4.75
      vertex -38 -41.75 35
      vertex -38.391983 -41.729458 35
    endloop
  endfacet
  facet normal -0.052333884 -0.9986296 0
    outer loop
      vertex -38.391983 -41.729458 4.75
      vertex -38 -41.75 4.75
      vertex -38 -41.75 35
    endloop
  endfacet
  facet normal -0.05041884 -0.7049779 -0.70743483
    outer loop
      vertex -38.391983 -41.729458 4.75
      vertex -38.227703 -39.583714 2.5999994
      vertex -38 -39.6 2.5999994
    endloop
  endfacet
  facet normal -0.037032727 -0.70662177 -0.70662177
    outer loop
      vertex -38.391983 0.2705431 4.75
      vertex -38 2.4000006 2.5999994
      vertex -38 0.25 4.75
    endloop
  endfacet
  facet normal -0.050421786 -0.70497787 -0.70743465
    outer loop
      vertex -38.391983 0.2705431 4.75
      vertex -38.227703 2.4162865 2.5999994
      vertex -38 2.4000006 2.5999994
    endloop
  endfacet
  facet normal -0.052333884 0.9986296 0
    outer loop
      vertex -38.391983 41.729458 35
      vertex -38 41.75 35
      vertex -38 41.75 4.75
    endloop
  endfacet
  facet normal -0.05041884 0.7049779 -0.70743483
    outer loop
      vertex -38.391983 41.729458 4.75
      vertex -38 39.6 2.5999994
      vertex -38.227703 39.583714 2.5999994
    endloop
  endfacet
  facet normal -0.037031002 0.70662165 -0.70662194
    outer loop
      vertex -38.391983 41.729458 4.75
      vertex -38 41.75 4.75
      vertex -38 39.6 2.5999994
    endloop
  endfacet
  facet normal -0.052333884 0.9986296 0
    outer loop
      vertex -38.391983 41.729458 4.75
      vertex -38.391983 41.729458 35
      vertex -38 41.75 4.75
    endloop
  endfacet
  facet normal -0.15060243 0.6923177 -0.7057018
    outer loop
      vertex -38.45077 -2.4648113 0.79999924
      vertex -38.227703 -2.4162865 0.79999924
      vertex -38.207054 -3.2272596 0
    endloop
  endfacet
  facet normal -0.2125625 0.97714746 0
    outer loop
      vertex -38.45077 -2.4648113 0.79999924
      vertex -38.45077 -2.4648113 2.5999994
      vertex -38.227703 -2.4162865 0.79999924
    endloop
  endfacet
  facet normal -0.2125625 0.97714746 0
    outer loop
      vertex -38.45077 -2.4648113 2.5999994
      vertex -38.227703 -2.4162865 2.5999994
      vertex -38.227703 -2.4162865 0.79999924
    endloop
  endfacet
  facet normal -0.15060812 -0.69231665 -0.70570165
    outer loop
      vertex -38.45077 -39.535187 0.79999924
      vertex -38.207054 -38.77274 0
      vertex -38.227703 -39.583714 0.79999924
    endloop
  endfacet
  facet normal -0.21257047 -0.97714573 0
    outer loop
      vertex -38.45077 -39.535187 0.79999924
      vertex -38.227703 -39.583714 0.79999924
      vertex -38.227703 -39.583714 2.5999994
    endloop
  endfacet
  facet normal -0.21257047 -0.97714573 0
    outer loop
      vertex -38.45077 -39.535187 0.79999924
      vertex -38.227703 -39.583714 2.5999994
      vertex -38.45077 -39.535187 2.5999994
    endloop
  endfacet
  facet normal -0.15060243 -0.6923177 -0.7057018
    outer loop
      vertex -38.45077 2.4648113 0.79999924
      vertex -38.207054 3.2272596 0
      vertex -38.227703 2.4162865 0.79999924
    endloop
  endfacet
  facet normal -0.2125625 -0.97714746 0
    outer loop
      vertex -38.45077 2.4648113 0.79999924
      vertex -38.227703 2.4162865 0.79999924
      vertex -38.227703 2.4162865 2.5999994
    endloop
  endfacet
  facet normal -0.2125625 -0.97714746 0
    outer loop
      vertex -38.45077 2.4648113 0.79999924
      vertex -38.227703 2.4162865 2.5999994
      vertex -38.45077 2.4648113 2.5999994
    endloop
  endfacet
  facet normal -0.15060812 0.69231665 -0.70570165
    outer loop
      vertex -38.45077 39.535187 0.79999924
      vertex -38.227703 39.583714 0.79999924
      vertex -38.207054 38.77274 0
    endloop
  endfacet
  facet normal -0.21257047 0.97714573 0
    outer loop
      vertex -38.45077 39.535187 0.79999924
      vertex -38.45077 39.535187 2.5999994
      vertex -38.227703 39.583714 0.79999924
    endloop
  endfacet
  facet normal -0.21257047 0.97714573 0
    outer loop
      vertex -38.45077 39.535187 2.5999994
      vertex -38.227703 39.583714 2.5999994
      vertex -38.227703 39.583714 0.79999924
    endloop
  endfacet
  facet normal -0.26961267 0.6509079 -0.70966744
    outer loop
      vertex -38.664665 -2.544589 0.79999924
      vertex -38.207054 -3.2272596 0
      vertex -38.4 -3.3071804 0
    endloop
  endfacet
  facet normal -0.24717689 0.6627117 -0.7069065
    outer loop
      vertex -38.664665 -2.544589 0.79999924
      vertex -38.45077 -2.4648113 0.79999924
      vertex -38.207054 -3.2272596 0
    endloop
  endfacet
  facet normal -0.34946194 0.93695056 0
    outer loop
      vertex -38.664665 -2.544589 0.79999924
      vertex -38.664665 -2.544589 2.5999994
      vertex -38.45077 -2.4648113 0.79999924
    endloop
  endfacet
  facet normal -0.34946194 0.93695056 0
    outer loop
      vertex -38.664665 -2.544589 2.5999994
      vertex -38.45077 -2.4648113 2.5999994
      vertex -38.45077 -2.4648113 0.79999924
    endloop
  endfacet
  facet normal -0.24717441 -0.662713 -0.7069062
    outer loop
      vertex -38.664665 -39.45541 0.79999924
      vertex -38.207054 -38.77274 0
      vertex -38.45077 -39.535187 0.79999924
    endloop
  endfacet
  facet normal -0.2696153 -0.6509065 -0.70966774
    outer loop
      vertex -38.664665 -39.45541 0.79999924
      vertex -38.4 -38.692818 0
      vertex -38.207054 -38.77274 0
    endloop
  endfacet
  facet normal -0.34945828 -0.93695194 0
    outer loop
      vertex -38.664665 -39.45541 0.79999924
      vertex -38.45077 -39.535187 0.79999924
      vertex -38.45077 -39.535187 2.5999994
    endloop
  endfacet
  facet normal -0.34945828 -0.93695194 0
    outer loop
      vertex -38.664665 -39.45541 0.79999924
      vertex -38.45077 -39.535187 2.5999994
      vertex -38.664665 -39.45541 2.5999994
    endloop
  endfacet
  facet normal -0.24717689 -0.6627117 -0.7069065
    outer loop
      vertex -38.664665 2.544589 0.79999924
      vertex -38.207054 3.2272596 0
      vertex -38.45077 2.4648113 0.79999924
    endloop
  endfacet
  facet normal -0.26961267 -0.6509079 -0.70966744
    outer loop
      vertex -38.664665 2.544589 0.79999924
      vertex -38.4 3.3071804 0
      vertex -38.207054 3.2272596 0
    endloop
  endfacet
  facet normal -0.34946194 -0.93695056 0
    outer loop
      vertex -38.664665 2.544589 0.79999924
      vertex -38.45077 2.4648113 0.79999924
      vertex -38.45077 2.4648113 2.5999994
    endloop
  endfacet
  facet normal -0.34946194 -0.93695056 0
    outer loop
      vertex -38.664665 2.544589 0.79999924
      vertex -38.45077 2.4648113 2.5999994
      vertex -38.664665 2.544589 2.5999994
    endloop
  endfacet
  facet normal -0.2696153 0.6509065 -0.70966774
    outer loop
      vertex -38.664665 39.45541 0.79999924
      vertex -38.207054 38.77274 0
      vertex -38.4 38.692818 0
    endloop
  endfacet
  facet normal -0.24717441 0.662713 -0.7069062
    outer loop
      vertex -38.664665 39.45541 0.79999924
      vertex -38.45077 39.535187 0.79999924
      vertex -38.207054 38.77274 0
    endloop
  endfacet
  facet normal -0.34945828 0.93695194 0
    outer loop
      vertex -38.664665 39.45541 0.79999924
      vertex -38.664665 39.45541 2.5999994
      vertex -38.45077 39.535187 0.79999924
    endloop
  endfacet
  facet normal -0.34945828 0.93695194 0
    outer loop
      vertex -38.664665 39.45541 2.5999994
      vertex -38.45077 39.535187 2.5999994
      vertex -38.45077 39.535187 0.79999924
    endloop
  endfacet
  facet normal -0.15016344 0.69029975 -0.70776916
    outer loop
      vertex -38.77967 -0.33194733 4.75
      vertex -38.227703 -2.4162865 2.5999994
      vertex -38.45077 -2.4648113 2.5999994
    endloop
  endfacet
  facet normal -0.110744886 0.69920963 -0.7062871
    outer loop
      vertex -38.77967 -0.33194733 4.75
      vertex -38.391983 -0.2705431 4.75
      vertex -38.227703 -2.4162865 2.5999994
    endloop
  endfacet
  facet normal 0 0 -1
    outer loop
      vertex -38.77967 -0.33194733 4.75
      vertex -38.391983 0.2705431 4.75
      vertex -38.391983 -0.2705431 4.75
    endloop
  endfacet
  facet normal 0 0 -1
    outer loop
      vertex -38.77967 -0.33194733 4.75
      vertex -38.77967 0.33194733 4.75
      vertex -38.391983 0.2705431 4.75
    endloop
  endfacet
  facet normal -0.110746555 -0.6992093 -0.70628715
    outer loop
      vertex -38.77967 -41.668053 4.75
      vertex -38.227703 -39.583714 2.5999994
      vertex -38.391983 -41.729458 4.75
    endloop
  endfacet
  facet normal -0.15643816 -0.98768777 0
    outer loop
      vertex -38.77967 -41.668053 4.75
      vertex -38.391983 -41.729458 35
      vertex -38.77967 -41.668053 35
    endloop
  endfacet
  facet normal -0.15643816 -0.98768777 0
    outer loop
      vertex -38.77967 -41.668053 4.75
      vertex -38.391983 -41.729458 4.75
      vertex -38.391983 -41.729458 35
    endloop
  endfacet
  facet normal -0.15016906 -0.6902984 -0.7077693
    outer loop
      vertex -38.77967 -41.668053 4.75
      vertex -38.45077 -39.535187 2.5999994
      vertex -38.227703 -39.583714 2.5999994
    endloop
  endfacet
  facet normal -0.110744886 -0.69920963 -0.7062871
    outer loop
      vertex -38.77967 0.33194733 4.75
      vertex -38.227703 2.4162865 2.5999994
      vertex -38.391983 0.2705431 4.75
    endloop
  endfacet
  facet normal -0.15016344 -0.69029975 -0.70776916
    outer loop
      vertex -38.77967 0.33194733 4.75
      vertex -38.45077 2.4648113 2.5999994
      vertex -38.227703 2.4162865 2.5999994
    endloop
  endfacet
  facet normal -0.15643816 0.98768777 0
    outer loop
      vertex -38.77967 41.668053 35
      vertex -38.391983 41.729458 35
      vertex -38.391983 41.729458 4.75
    endloop
  endfacet
  facet normal -0.15016906 0.6902984 -0.7077693
    outer loop
      vertex -38.77967 41.668053 4.75
      vertex -38.227703 39.583714 2.5999994
      vertex -38.45077 39.535187 2.5999994
    endloop
  endfacet
  facet normal -0.110746555 0.6992093 -0.70628715
    outer loop
      vertex -38.77967 41.668053 4.75
      vertex -38.391983 41.729458 4.75
      vertex -38.227703 39.583714 2.5999994
    endloop
  endfacet
  facet normal -0.15643816 0.98768777 0
    outer loop
      vertex -38.77967 41.668053 4.75
      vertex -38.77967 41.668053 35
      vertex -38.391983 41.729458 4.75
    endloop
  endfacet
  facet normal 0 0 -1
    outer loop
      vertex -38.8 -38 0
      vertex -38 -3.2000008 0
      vertex -38 -38.8 0
    endloop
  endfacet
  facet normal 0 0 -1
    outer loop
      vertex -38.8 -38 0
      vertex -38 -38.8 0
      vertex -38.207054 -38.77274 0
    endloop
  endfacet
  facet normal 0 0 -1
    outer loop
      vertex -38.8 -38 0
      vertex -38.207054 -38.77274 0
      vertex -38.4 -38.692818 0
    endloop
  endfacet
  facet normal 0 0 -1
    outer loop
      vertex -38.8 -38 0
      vertex -38.4 -38.692818 0
      vertex -38.565685 -38.565685 0
    endloop
  endfacet
  facet normal 0 0 -1
    outer loop
      vertex -38.8 -38 0
      vertex -38.565685 -38.565685 0
      vertex -38.692818 -38.4 0
    endloop
  endfacet
  facet normal 0 0 -1
    outer loop
      vertex -38.8 -38 0
      vertex -38.692818 -38.4 0
      vertex -38.77274 -38.207054 0
    endloop
  endfacet
  facet normal 0 0 -1
    outer loop
      vertex -38.8 -38 0
      vertex -38.8 -4 0
      vertex -38 -3.2000008 0
    endloop
  endfacet
  facet normal 0 0 -1
    outer loop
      vertex -38.8 -4 0
      vertex -38.207054 -3.2272596 0
      vertex -38 -3.2000008 0
    endloop
  endfacet
  facet normal 0 0 -1
    outer loop
      vertex -38.8 -4 0
      vertex -38.4 -3.3071804 0
      vertex -38.207054 -3.2272596 0
    endloop
  endfacet
  facet normal 0 0 -1
    outer loop
      vertex -38.8 -4 0
      vertex -38.565685 -3.4343147 0
      vertex -38.4 -3.3071804 0
    endloop
  endfacet
  facet normal 0 0 -1
    outer loop
      vertex -38.8 -4 0
      vertex -38.692818 -3.6000004 0
      vertex -38.565685 -3.4343147 0
    endloop
  endfacet
  facet normal 0 0 -1
    outer loop
      vertex -38.8 -4 0
      vertex -38.77274 -3.792945 0
      vertex -38.692818 -3.6000004 0
    endloop
  endfacet
  facet normal 0 0 -1
    outer loop
      vertex -38.8 38 0
      vertex -38.207054 38.77274 0
      vertex -38 38.8 0
    endloop
  endfacet
  facet normal 0 0 -1
    outer loop
      vertex -38.8 38 0
      vertex -38.4 38.692818 0
      vertex -38.207054 38.77274 0
    endloop
  endfacet
  facet normal 0 0 -1
    outer loop
      vertex -38.8 38 0
      vertex -38.565685 38.565685 0
      vertex -38.4 38.692818 0
    endloop
  endfacet
  facet normal 0 0 -1
    outer loop
      vertex -38.8 38 0
      vertex -38.692818 38.4 0
      vertex -38.565685 38.565685 0
    endloop
  endfacet
  facet normal 0 0 -1
    outer loop
      vertex -38.8 38 0
      vertex -38.77274 38.207054 0
      vertex -38.692818 38.4 0
    endloop
  endfacet
  facet normal 0 0 -1
    outer loop
      vertex -38.8 4 0
      vertex -38 3.2000008 0
      vertex -38.207054 3.2272596 0
    endloop
  endfacet
  facet normal 0 0 -1
    outer loop
      vertex -38.8 4 0
      vertex -38 38.8 0
      vertex -38 3.2000008 0
    endloop
  endfacet
  facet normal 0 0 -1
    outer loop
      vertex -38.8 4 0
      vertex -38.207054 3.2272596 0
      vertex -38.4 3.3071804 0
    endloop
  endfacet
  facet normal 0 0 -1
    outer loop
      vertex -38.8 4 0
      vertex -38.4 3.3071804 0
      vertex -38.565685 3.4343147 0
    endloop
  endfacet
  facet normal 0 0 -1
    outer loop
      vertex -38.8 4 0
      vertex -38.565685 3.4343147 0
      vertex -38.692818 3.6000004 0
    endloop
  endfacet
  facet normal 0 0 -1
    outer loop
      vertex -38.8 4 0
      vertex -38.692818 3.6000004 0
      vertex -38.77274 3.792945 0
    endloop
  endfacet
  facet normal 0 0 -1
    outer loop
      vertex -38.8 4 0
      vertex -38.8 38 0
      vertex -38 38.8 0
    endloop
  endfacet
  facet normal -0.339699 0.6221064 -0.70539933
    outer loop
      vertex -38.865025 -2.6539946 0.79999924
      vertex -38.664665 -2.544589 0.79999924
      vertex -38.4 -3.3071804 0
    endloop
  endfacet
  facet normal -0.4792525 0.8776771 0
    outer loop
      vertex -38.865025 -2.6539946 0.79999924
      vertex -38.865025 -2.6539946 2.5999994
      vertex -38.664665 -2.544589 0.79999924
    endloop
  endfacet
  facet normal -0.4792525 0.8776771 0
    outer loop
      vertex -38.865025 -2.6539946 2.5999994
      vertex -38.664665 -2.544589 2.5999994
      vertex -38.664665 -2.544589 0.79999924
    endloop
  endfacet
  facet normal -0.33969882 -0.6221061 -0.70539975
    outer loop
      vertex -38.865025 -39.346004 0.79999924
      vertex -38.4 -38.692818 0
      vertex -38.664665 -39.45541 0.79999924
    endloop
  endfacet
  facet normal -0.4792525 -0.8776771 0
    outer loop
      vertex -38.865025 -39.346004 0.79999924
      vertex -38.664665 -39.45541 0.79999924
      vertex -38.664665 -39.45541 2.5999994
    endloop
  endfacet
  facet normal -0.4792525 -0.8776771 0
    outer loop
      vertex -38.865025 -39.346004 0.79999924
      vertex -38.664665 -39.45541 2.5999994
      vertex -38.865025 -39.346004 2.5999994
    endloop
  endfacet
  facet normal -0.339699 -0.6221064 -0.70539933
    outer loop
      vertex -38.865025 2.6539946 0.79999924
      vertex -38.4 3.3071804 0
      vertex -38.664665 2.544589 0.79999924
    endloop
  endfacet
  facet normal -0.4792525 -0.8776771 0
    outer loop
      vertex -38.865025 2.6539946 0.79999924
      vertex -38.664665 2.544589 0.79999924
      vertex -38.664665 2.544589 2.5999994
    endloop
  endfacet
  facet normal -0.4792525 -0.8776771 0
    outer loop
      vertex -38.865025 2.6539946 0.79999924
      vertex -38.664665 2.544589 2.5999994
      vertex -38.865025 2.6539946 2.5999994
    endloop
  endfacet
  facet normal -0.33969882 0.6221061 -0.70539975
    outer loop
      vertex -38.865025 39.346004 0.79999924
      vertex -38.664665 39.45541 0.79999924
      vertex -38.4 38.692818 0
    endloop
  endfacet
  facet normal -0.4792525 0.8776771 0
    outer loop
      vertex -38.865025 39.346004 0.79999924
      vertex -38.865025 39.346004 2.5999994
      vertex -38.664665 39.45541 0.79999924
    endloop
  endfacet
  facet normal -0.4792525 0.8776771 0
    outer loop
      vertex -38.865025 39.346004 2.5999994
      vertex -38.664665 39.45541 2.5999994
      vertex -38.664665 39.45541 0.79999924
    endloop
  endfacet
  facet normal -0.42938277 0.5595794 -0.70887333
    outer loop
      vertex -39.047775 -2.790801 0.79999924
      vertex -38.4 -3.3071804 0
      vertex -38.565685 -3.4343147 0
    endloop
  endfacet
  facet normal -0.42333686 0.5655076 -0.7078044
    outer loop
      vertex -39.047775 -2.790801 0.79999924
      vertex -38.865025 -2.6539946 0.79999924
      vertex -38.4 -3.3071804 0
    endloop
  endfacet
  facet normal -0.59928054 0.8005391 0
    outer loop
      vertex -39.047775 -2.790801 0.79999924
      vertex -39.047775 -2.790801 2.5999994
      vertex -38.865025 -2.6539946 0.79999924
    endloop
  endfacet
  facet normal -0.59928054 0.8005391 0
    outer loop
      vertex -39.047775 -2.790801 2.5999994
      vertex -38.865025 -2.6539946 2.5999994
      vertex -38.865025 -2.6539946 0.79999924
    endloop
  endfacet
  facet normal -0.42333665 -0.56550735 -0.70780474
    outer loop
      vertex -39.047775 -39.209198 0.79999924
      vertex -38.4 -38.692818 0
      vertex -38.865025 -39.346004 0.79999924
    endloop
  endfacet
  facet normal -0.4293789 -0.5595827 -0.70887303
    outer loop
      vertex -39.047775 -39.209198 0.79999924
      vertex -38.565685 -38.565685 0
      vertex -38.4 -38.692818 0
    endloop
  endfacet
  facet normal -0.59928054 -0.8005391 0
    outer loop
      vertex -39.047775 -39.209198 0.79999924
      vertex -38.865025 -39.346004 0.79999924
      vertex -38.865025 -39.346004 2.5999994
    endloop
  endfacet
  facet normal -0.59928054 -0.8005391 0
    outer loop
      vertex -39.047775 -39.209198 0.79999924
      vertex -38.865025 -39.346004 2.5999994
      vertex -39.047775 -39.209198 2.5999994
    endloop
  endfacet
  facet normal -0.42333686 -0.5655076 -0.7078044
    outer loop
      vertex -39.047775 2.790801 0.79999924
      vertex -38.4 3.3071804 0
      vertex -38.865025 2.6539946 0.79999924
    endloop
  endfacet
  facet normal -0.42938277 -0.5595794 -0.70887333
    outer loop
      vertex -39.047775 2.790801 0.79999924
      vertex -38.565685 3.4343147 0
      vertex -38.4 3.3071804 0
    endloop
  endfacet
  facet normal -0.59928054 -0.8005391 0
    outer loop
      vertex -39.047775 2.790801 0.79999924
      vertex -38.865025 2.6539946 0.79999924
      vertex -38.865025 2.6539946 2.5999994
    endloop
  endfacet
  facet normal -0.59928054 -0.8005391 0
    outer loop
      vertex -39.047775 2.790801 0.79999924
      vertex -38.865025 2.6539946 2.5999994
      vertex -39.047775 2.790801 2.5999994
    endloop
  endfacet
  facet normal -0.4293789 0.5595827 -0.70887303
    outer loop
      vertex -39.047775 39.209198 0.79999924
      vertex -38.4 38.692818 0
      vertex -38.565685 38.565685 0
    endloop
  endfacet
  facet normal -0.42333665 0.56550735 -0.70780474
    outer loop
      vertex -39.047775 39.209198 0.79999924
      vertex -38.865025 39.346004 0.79999924
      vertex -38.4 38.692818 0
    endloop
  endfacet
  facet normal -0.59928054 0.8005391 0
    outer loop
      vertex -39.047775 39.209198 0.79999924
      vertex -39.047775 39.209198 2.5999994
      vertex -38.865025 39.346004 0.79999924
    endloop
  endfacet
  facet normal -0.59928054 0.8005391 0
    outer loop
      vertex -39.047775 39.209198 2.5999994
      vertex -38.865025 39.346004 2.5999994
      vertex -38.865025 39.346004 0.79999924
    endloop
  endfacet
  facet normal -0.2470704 0.6624262 -0.70721126
    outer loop
      vertex -39.158813 -0.43353844 4.75
      vertex -38.45077 -2.4648113 2.5999994
      vertex -38.664665 -2.544589 2.5999994
    endloop
  endfacet
  facet normal -0.18321247 0.6837575 -0.7063348
    outer loop
      vertex -39.158813 -0.43353844 4.75
      vertex -38.77967 -0.33194733 4.75
      vertex -38.45077 -2.4648113 2.5999994
    endloop
  endfacet
  facet normal 0 0 -1
    outer loop
      vertex -39.158813 -0.43353844 4.75
      vertex -38.77967 0.33194733 4.75
      vertex -38.77967 -0.33194733 4.75
    endloop
  endfacet
  facet normal 0 0 -1
    outer loop
      vertex -39.158813 -0.43353844 4.75
      vertex -39.158813 0.43353844 4.75
      vertex -38.77967 0.33194733 4.75
    endloop
  endfacet
  facet normal -0.18321565 -0.68375653 -0.70633495
    outer loop
      vertex -39.158813 -41.56646 4.75
      vertex -38.45077 -39.535187 2.5999994
      vertex -38.77967 -41.668053 4.75
    endloop
  endfacet
  facet normal -0.2470678 -0.6624271 -0.7072113
    outer loop
      vertex -39.158813 -41.56646 4.75
      vertex -38.664665 -39.45541 2.5999994
      vertex -38.45077 -39.535187 2.5999994
    endloop
  endfacet
  facet normal -0.25882384 -0.96592456 0
    outer loop
      vertex -39.158813 -41.56646 4.75
      vertex -38.77967 -41.668053 35
      vertex -39.158813 -41.56646 35
    endloop
  endfacet
  facet normal -0.25882384 -0.96592456 0
    outer loop
      vertex -39.158813 -41.56646 4.75
      vertex -38.77967 -41.668053 4.75
      vertex -38.77967 -41.668053 35
    endloop
  endfacet
  facet normal -0.18321247 -0.6837575 -0.7063348
    outer loop
      vertex -39.158813 0.43353844 4.75
      vertex -38.45077 2.4648113 2.5999994
      vertex -38.77967 0.33194733 4.75
    endloop
  endfacet
  facet normal -0.2470704 -0.6624262 -0.70721126
    outer loop
      vertex -39.158813 0.43353844 4.75
      vertex -38.664665 2.544589 2.5999994
      vertex -38.45077 2.4648113 2.5999994
    endloop
  endfacet
  facet normal -0.25882384 0.96592456 0
    outer loop
      vertex -39.158813 41.56646 35
      vertex -38.77967 41.668053 35
      vertex -38.77967 41.668053 4.75
    endloop
  endfacet
  facet normal -0.2470678 0.6624271 -0.7072113
    outer loop
      vertex -39.158813 41.56646 4.75
      vertex -38.45077 39.535187 2.5999994
      vertex -38.664665 39.45541 2.5999994
    endloop
  endfacet
  facet normal -0.18321565 0.68375653 -0.70633495
    outer loop
      vertex -39.158813 41.56646 4.75
      vertex -38.77967 41.668053 4.75
      vertex -38.45077 39.535187 2.5999994
    endloop
  endfacet
  facet normal -0.25882384 0.96592456 0
    outer loop
      vertex -39.158813 41.56646 4.75
      vertex -39.158813 41.56646 35
      vertex -38.77967 41.668053 4.75
    endloop
  endfacet
  facet normal -0.5595849 0.42937562 -0.7088733
    outer loop
      vertex -39.209198 -2.9522238 0.79999924
      vertex -38.565685 -3.4343147 0
      vertex -38.692818 -3.6000004 0
    endloop
  endfacet
  facet normal -0.5012758 0.5012758 -0.70529795
    outer loop
      vertex -39.209198 -2.9522238 0.79999924
      vertex -39.047775 -2.790801 0.79999924
      vertex -38.565685 -3.4343147 0
    endloop
  endfacet
  facet normal -0.70710677 0.70710677 0
    outer loop
      vertex -39.209198 -2.9522238 0.79999924
      vertex -39.047775 -2.790801 2.5999994
      vertex -39.047775 -2.790801 0.79999924
    endloop
  endfacet
  facet normal -0.70710677 0.70710677 0
    outer loop
      vertex -39.209198 -2.9522238 0.79999924
      vertex -39.209198 -2.9522238 2.5999994
      vertex -39.047775 -2.790801 2.5999994
    endloop
  endfacet
  facet normal -0.50127596 -0.50127596 -0.70529765
    outer loop
      vertex -39.209198 -39.047775 0.79999924
      vertex -38.565685 -38.565685 0
      vertex -39.047775 -39.209198 0.79999924
    endloop
  endfacet
  facet normal -0.5595827 -0.4293789 -0.70887303
    outer loop
      vertex -39.209198 -39.047775 0.79999924
      vertex -38.692818 -38.4 0
      vertex -38.565685 -38.565685 0
    endloop
  endfacet
  facet normal -0.70710677 -0.70710677 0
    outer loop
      vertex -39.209198 -39.047775 0.79999924
      vertex -39.047775 -39.209198 0.79999924
      vertex -39.209198 -39.047775 2.5999994
    endloop
  endfacet
  facet normal -0.70710677 -0.70710677 0
    outer loop
      vertex -39.209198 -39.047775 2.5999994
      vertex -39.047775 -39.209198 0.79999924
      vertex -39.047775 -39.209198 2.5999994
    endloop
  endfacet
  facet normal -0.5012758 -0.5012758 -0.70529795
    outer loop
      vertex -39.209198 2.9522238 0.79999924
      vertex -38.565685 3.4343147 0
      vertex -39.047775 2.790801 0.79999924
    endloop
  endfacet
  facet normal -0.5595849 -0.42937562 -0.7088733
    outer loop
      vertex -39.209198 2.9522238 0.79999924
      vertex -38.692818 3.6000004 0
      vertex -38.565685 3.4343147 0
    endloop
  endfacet
  facet normal -0.70710677 -0.70710677 0
    outer loop
      vertex -39.209198 2.9522238 0.79999924
      vertex -39.047775 2.790801 0.79999924
      vertex -39.209198 2.9522238 2.5999994
    endloop
  endfacet
  facet normal -0.70710677 -0.70710677 0
    outer loop
      vertex -39.209198 2.9522238 2.5999994
      vertex -39.047775 2.790801 0.79999924
      vertex -39.047775 2.790801 2.5999994
    endloop
  endfacet
  facet normal -0.5595827 0.4293789 -0.70887303
    outer loop
      vertex -39.209198 39.047775 0.79999924
      vertex -38.565685 38.565685 0
      vertex -38.692818 38.4 0
    endloop
  endfacet
  facet normal -0.50127596 0.50127596 -0.70529765
    outer loop
      vertex -39.209198 39.047775 0.79999924
      vertex -39.047775 39.209198 0.79999924
      vertex -38.565685 38.565685 0
    endloop
  endfacet
  facet normal -0.70710677 0.70710677 0
    outer loop
      vertex -39.209198 39.047775 0.79999924
      vertex -39.047775 39.209198 2.5999994
      vertex -39.047775 39.209198 0.79999924
    endloop
  endfacet
  facet normal -0.70710677 0.70710677 0
    outer loop
      vertex -39.209198 39.047775 0.79999924
      vertex -39.209198 39.047775 2.5999994
      vertex -39.047775 39.209198 2.5999994
    endloop
  endfacet
  facet normal -0.565508 0.42333493 -0.7078052
    outer loop
      vertex -39.346004 -3.1349754 0.79999924
      vertex -39.209198 -2.9522238 0.79999924
      vertex -38.692818 -3.6000004 0
    endloop
  endfacet
  facet normal -0.80054057 0.59927857 0
    outer loop
      vertex -39.346004 -3.1349754 0.79999924
      vertex -39.209198 -2.9522238 2.5999994
      vertex -39.209198 -2.9522238 0.79999924
    endloop
  endfacet
  facet normal -0.80054057 0.59927857 0
    outer loop
      vertex -39.346004 -3.1349754 0.79999924
      vertex -39.346004 -3.1349754 2.5999994
      vertex -39.209198 -2.9522238 2.5999994
    endloop
  endfacet
  facet normal -0.56550735 -0.42333665 -0.70780474
    outer loop
      vertex -39.346004 -38.865025 0.79999924
      vertex -38.692818 -38.4 0
      vertex -39.209198 -39.047775 0.79999924
    endloop
  endfacet
  facet normal -0.8005391 -0.59928054 0
    outer loop
      vertex -39.346004 -38.865025 0.79999924
      vertex -39.209198 -39.047775 0.79999924
      vertex -39.346004 -38.865025 2.5999994
    endloop
  endfacet
  facet normal -0.8005391 -0.59928054 0
    outer loop
      vertex -39.346004 -38.865025 2.5999994
      vertex -39.209198 -39.047775 0.79999924
      vertex -39.209198 -39.047775 2.5999994
    endloop
  endfacet
  facet normal -0.565508 -0.42333493 -0.7078052
    outer loop
      vertex -39.346004 3.1349754 0.79999924
      vertex -38.692818 3.6000004 0
      vertex -39.209198 2.9522238 0.79999924
    endloop
  endfacet
  facet normal -0.80054057 -0.59927857 0
    outer loop
      vertex -39.346004 3.1349754 0.79999924
      vertex -39.209198 2.9522238 0.79999924
      vertex -39.346004 3.1349754 2.5999994
    endloop
  endfacet
  facet normal -0.80054057 -0.59927857 0
    outer loop
      vertex -39.346004 3.1349754 2.5999994
      vertex -39.209198 2.9522238 0.79999924
      vertex -39.209198 2.9522238 2.5999994
    endloop
  endfacet
  facet normal -0.56550735 0.42333665 -0.70780474
    outer loop
      vertex -39.346004 38.865025 0.79999924
      vertex -39.209198 39.047775 0.79999924
      vertex -38.692818 38.4 0
    endloop
  endfacet
  facet normal -0.8005391 0.59928054 0
    outer loop
      vertex -39.346004 38.865025 0.79999924
      vertex -39.209198 39.047775 2.5999994
      vertex -39.209198 39.047775 0.79999924
    endloop
  endfacet
  facet normal -0.8005391 0.59928054 0
    outer loop
      vertex -39.346004 38.865025 0.79999924
      vertex -39.346004 38.865025 2.5999994
      vertex -39.209198 39.047775 2.5999994
    endloop
  endfacet
  facet normal -0.6509052 0.26961875 -0.7096677
    outer loop
      vertex -39.45541 -3.3353367 0.79999924
      vertex -38.692818 -3.6000004 0
      vertex -38.77274 -3.792945 0
    endloop
  endfacet
  facet normal -0.6221072 0.33969623 -0.7054
    outer loop
      vertex -39.45541 -3.3353367 0.79999924
      vertex -39.346004 -3.1349754 0.79999924
      vertex -38.692818 -3.6000004 0
    endloop
  endfacet
  facet normal -0.877679 0.47924897 0
    outer loop
      vertex -39.45541 -3.3353367 0.79999924
      vertex -39.346004 -3.1349754 2.5999994
      vertex -39.346004 -3.1349754 0.79999924
    endloop
  endfacet
  facet normal -0.877679 0.47924897 0
    outer loop
      vertex -39.45541 -3.3353367 0.79999924
      vertex -39.45541 -3.3353367 2.5999994
      vertex -39.346004 -3.1349754 2.5999994
    endloop
  endfacet
  facet normal -0.6221061 -0.33969882 -0.70539975
    outer loop
      vertex -39.45541 -38.664665 0.79999924
      vertex -38.692818 -38.4 0
      vertex -39.346004 -38.865025 0.79999924
    endloop
  endfacet
  facet normal -0.6509065 -0.2696153 -0.70966774
    outer loop
      vertex -39.45541 -38.664665 0.79999924
      vertex -38.77274 -38.207054 0
      vertex -38.692818 -38.4 0
    endloop
  endfacet
  facet normal -0.8776771 -0.4792525 0
    outer loop
      vertex -39.45541 -38.664665 0.79999924
      vertex -39.346004 -38.865025 0.79999924
      vertex -39.45541 -38.664665 2.5999994
    endloop
  endfacet
  facet normal -0.8776771 -0.4792525 0
    outer loop
      vertex -39.45541 -38.664665 2.5999994
      vertex -39.346004 -38.865025 0.79999924
      vertex -39.346004 -38.865025 2.5999994
    endloop
  endfacet
  facet normal -0.6221072 -0.33969623 -0.7054
    outer loop
      vertex -39.45541 3.3353367 0.79999924
      vertex -38.692818 3.6000004 0
      vertex -39.346004 3.1349754 0.79999924
    endloop
  endfacet
  facet normal -0.6509052 -0.26961875 -0.7096677
    outer loop
      vertex -39.45541 3.3353367 0.79999924
      vertex -38.77274 3.792945 0
      vertex -38.692818 3.6000004 0
    endloop
  endfacet
  facet normal -0.877679 -0.47924897 0
    outer loop
      vertex -39.45541 3.3353367 0.79999924
      vertex -39.346004 3.1349754 0.79999924
      vertex -39.45541 3.3353367 2.5999994
    endloop
  endfacet
  facet normal -0.877679 -0.47924897 0
    outer loop
      vertex -39.45541 3.3353367 2.5999994
      vertex -39.346004 3.1349754 0.79999924
      vertex -39.346004 3.1349754 2.5999994
    endloop
  endfacet
  facet normal -0.6509065 0.2696153 -0.70966774
    outer loop
      vertex -39.45541 38.664665 0.79999924
      vertex -38.692818 38.4 0
      vertex -38.77274 38.207054 0
    endloop
  endfacet
  facet normal -0.6221061 0.33969882 -0.70539975
    outer loop
      vertex -39.45541 38.664665 0.79999924
      vertex -39.346004 38.865025 0.79999924
      vertex -38.692818 38.4 0
    endloop
  endfacet
  facet normal -0.8776771 0.4792525 0
    outer loop
      vertex -39.45541 38.664665 0.79999924
      vertex -39.346004 38.865025 2.5999994
      vertex -39.346004 38.865025 0.79999924
    endloop
  endfacet
  facet normal -0.8776771 0.4792525 0
    outer loop
      vertex -39.45541 38.664665 0.79999924
      vertex -39.45541 38.664665 2.5999994
      vertex -39.346004 38.865025 2.5999994
    endloop
  endfacet
  facet normal -0.25352848 0.6604597 -0.7067647
    outer loop
      vertex -39.52526 -0.5742054 4.75
      vertex -39.158813 -0.43353844 4.75
      vertex -38.664665 -2.544589 2.5999994
    endloop
  endfacet
  facet normal 0 0 -1
    outer loop
      vertex -39.52526 -0.5742054 4.75
      vertex -39.158813 0.43353844 4.75
      vertex -39.158813 -0.43353844 4.75
    endloop
  endfacet
  facet normal 0 0 -1
    outer loop
      vertex -39.52526 -0.5742054 4.75
      vertex -39.52526 0.5742054 4.75
      vertex -39.158813 0.43353844 4.75
    endloop
  endfacet
  facet normal -0.25352237 -0.6604617 -0.706765
    outer loop
      vertex -39.52526 -41.425797 4.75
      vertex -38.664665 -39.45541 2.5999994
      vertex -39.158813 -41.56646 4.75
    endloop
  endfacet
  facet normal -0.35836163 -0.93358284 0
    outer loop
      vertex -39.52526 -41.425797 4.75
      vertex -39.158813 -41.56646 35
      vertex -39.52526 -41.425797 35
    endloop
  endfacet
  facet normal -0.35836163 -0.93358284 0
    outer loop
      vertex -39.52526 -41.425797 4.75
      vertex -39.158813 -41.56646 4.75
      vertex -39.158813 -41.56646 35
    endloop
  endfacet
  facet normal -0.25352848 -0.6604597 -0.7067647
    outer loop
      vertex -39.52526 0.5742054 4.75
      vertex -38.664665 2.544589 2.5999994
      vertex -39.158813 0.43353844 4.75
    endloop
  endfacet
  facet normal -0.35836163 0.93358284 0
    outer loop
      vertex -39.52526 41.425797 35
      vertex -39.158813 41.56646 35
      vertex -39.158813 41.56646 4.75
    endloop
  endfacet
  facet normal -0.25352237 0.6604617 -0.706765
    outer loop
      vertex -39.52526 41.425797 4.75
      vertex -39.158813 41.56646 4.75
      vertex -38.664665 39.45541 2.5999994
    endloop
  endfacet
  facet normal -0.35836163 0.93358284 0
    outer loop
      vertex -39.52526 41.425797 4.75
      vertex -39.52526 41.425797 35
      vertex -39.158813 41.56646 4.75
    endloop
  endfacet
  facet normal -0.66271245 0.24717641 -0.70690596
    outer loop
      vertex -39.535187 -3.5492287 0.79999924
      vertex -39.45541 -3.3353367 0.79999924
      vertex -38.77274 -3.792945 0
    endloop
  endfacet
  facet normal -0.9369509 0.34946102 0
    outer loop
      vertex -39.535187 -3.5492287 0.79999924
      vertex -39.45541 -3.3353367 2.5999994
      vertex -39.45541 -3.3353367 0.79999924
    endloop
  endfacet
  facet normal -0.9369509 0.34946102 0
    outer loop
      vertex -39.535187 -3.5492287 0.79999924
      vertex -39.535187 -3.5492287 2.5999994
      vertex -39.45541 -3.3353367 2.5999994
    endloop
  endfacet
  facet normal -0.662713 -0.24717441 -0.7069062
    outer loop
      vertex -39.535187 -38.45077 0.79999924
      vertex -38.77274 -38.207054 0
      vertex -39.45541 -38.664665 0.79999924
    endloop
  endfacet
  facet normal -0.93695194 -0.34945828 0
    outer loop
      vertex -39.535187 -38.45077 0.79999924
      vertex -39.45541 -38.664665 0.79999924
      vertex -39.535187 -38.45077 2.5999994
    endloop
  endfacet
  facet normal -0.93695194 -0.34945828 0
    outer loop
      vertex -39.535187 -38.45077 2.5999994
      vertex -39.45541 -38.664665 0.79999924
      vertex -39.45541 -38.664665 2.5999994
    endloop
  endfacet
  facet normal -0.66271245 -0.24717641 -0.70690596
    outer loop
      vertex -39.535187 3.5492287 0.79999924
      vertex -38.77274 3.792945 0
      vertex -39.45541 3.3353367 0.79999924
    endloop
  endfacet
  facet normal -0.9369509 -0.34946102 0
    outer loop
      vertex -39.535187 3.5492287 0.79999924
      vertex -39.45541 3.3353367 0.79999924
      vertex -39.535187 3.5492287 2.5999994
    endloop
  endfacet
  facet normal -0.9369509 -0.34946102 0
    outer loop
      vertex -39.535187 3.5492287 2.5999994
      vertex -39.45541 3.3353367 0.79999924
      vertex -39.45541 3.3353367 2.5999994
    endloop
  endfacet
  facet normal -0.662713 0.24717441 -0.7069062
    outer loop
      vertex -39.535187 38.45077 0.79999924
      vertex -39.45541 38.664665 0.79999924
      vertex -38.77274 38.207054 0
    endloop
  endfacet
  facet normal -0.93695194 0.34945828 0
    outer loop
      vertex -39.535187 38.45077 0.79999924
      vertex -39.45541 38.664665 2.5999994
      vertex -39.45541 38.664665 0.79999924
    endloop
  endfacet
  facet normal -0.93695194 0.34945828 0
    outer loop
      vertex -39.535187 38.45077 0.79999924
      vertex -39.535187 38.45077 2.5999994
      vertex -39.45541 38.664665 2.5999994
    endloop
  endfacet
  facet normal -0.6981138 0.09191013 -0.71006316
    outer loop
      vertex -39.583714 -3.772297 0.79999924
      vertex -38.77274 -3.792945 0
      vertex -38.8 -4 0
    endloop
  endfacet
  facet normal -0.6923168 0.15060814 -0.7057016
    outer loop
      vertex -39.583714 -3.772297 0.79999924
      vertex -39.535187 -3.5492287 0.79999924
      vertex -38.77274 -3.792945 0
    endloop
  endfacet
  facet normal -0.97714573 0.21257047 0
    outer loop
      vertex -39.583714 -3.772297 0.79999924
      vertex -39.535187 -3.5492287 2.5999994
      vertex -39.535187 -3.5492287 0.79999924
    endloop
  endfacet
  facet normal -0.97714573 0.21257047 0
    outer loop
      vertex -39.583714 -3.772297 0.79999924
      vertex -39.583714 -3.772297 2.5999994
      vertex -39.535187 -3.5492287 2.5999994
    endloop
  endfacet
  facet normal -0.69231665 -0.15060812 -0.70570165
    outer loop
      vertex -39.583714 -38.227703 0.79999924
      vertex -38.77274 -38.207054 0
      vertex -39.535187 -38.45077 0.79999924
    endloop
  endfacet
  facet normal -0.6981137 -0.09191054 -0.71006316
    outer loop
      vertex -39.583714 -38.227703 0.79999924
      vertex -38.8 -38 0
      vertex -38.77274 -38.207054 0
    endloop
  endfacet
  facet normal -0.97714573 -0.21257047 0
    outer loop
      vertex -39.583714 -38.227703 0.79999924
      vertex -39.535187 -38.45077 0.79999924
      vertex -39.583714 -38.227703 2.5999994
    endloop
  endfacet
  facet normal -0.97714573 -0.21257047 0
    outer loop
      vertex -39.583714 -38.227703 2.5999994
      vertex -39.535187 -38.45077 0.79999924
      vertex -39.535187 -38.45077 2.5999994
    endloop
  endfacet
  facet normal -0.6923168 -0.15060814 -0.7057016
    outer loop
      vertex -39.583714 3.772297 0.79999924
      vertex -38.77274 3.792945 0
      vertex -39.535187 3.5492287 0.79999924
    endloop
  endfacet
  facet normal -0.6981138 -0.09191013 -0.71006316
    outer loop
      vertex -39.583714 3.772297 0.79999924
      vertex -38.8 4 0
      vertex -38.77274 3.792945 0
    endloop
  endfacet
  facet normal -0.97714573 -0.21257047 0
    outer loop
      vertex -39.583714 3.772297 0.79999924
      vertex -39.535187 3.5492287 0.79999924
      vertex -39.583714 3.772297 2.5999994
    endloop
  endfacet
  facet normal -0.97714573 -0.21257047 0
    outer loop
      vertex -39.583714 3.772297 2.5999994
      vertex -39.535187 3.5492287 0.79999924
      vertex -39.535187 3.5492287 2.5999994
    endloop
  endfacet
  facet normal -0.6981137 0.09191054 -0.71006316
    outer loop
      vertex -39.583714 38.227703 0.79999924
      vertex -38.77274 38.207054 0
      vertex -38.8 38 0
    endloop
  endfacet
  facet normal -0.69231665 0.15060812 -0.70570165
    outer loop
      vertex -39.583714 38.227703 0.79999924
      vertex -39.535187 38.45077 0.79999924
      vertex -38.77274 38.207054 0
    endloop
  endfacet
  facet normal -0.97714573 0.21257047 0
    outer loop
      vertex -39.583714 38.227703 0.79999924
      vertex -39.535187 38.45077 2.5999994
      vertex -39.535187 38.45077 0.79999924
    endloop
  endfacet
  facet normal -0.97714573 0.21257047 0
    outer loop
      vertex -39.583714 38.227703 0.79999924
      vertex -39.583714 38.227703 2.5999994
      vertex -39.535187 38.45077 2.5999994
    endloop
  endfacet
  facet normal -0.7062043 -0.050506547 -0.7062043
    outer loop
      vertex -39.6 -38 0.79999924
      vertex -38.8 -38 0
      vertex -39.583714 -38.227703 0.79999924
    endloop
  endfacet
  facet normal -0.9974523 -0.07133611 0
    outer loop
      vertex -39.6 -38 0.79999924
      vertex -39.583714 -38.227703 0.79999924
      vertex -39.6 -38 2.5999994
    endloop
  endfacet
  facet normal -1 0 0
    outer loop
      vertex -39.6 -38 0.79999924
      vertex -39.6 -38 2.5999994
      vertex -39.6 -4 2.5999994
    endloop
  endfacet
  facet normal -0.70710677 0 -0.70710677
    outer loop
      vertex -39.6 -38 0.79999924
      vertex -39.6 -4 0.79999924
      vertex -38.8 -38 0
    endloop
  endfacet
  facet normal -1 0 0
    outer loop
      vertex -39.6 -38 0.79999924
      vertex -39.6 -4 2.5999994
      vertex -39.6 -4 0.79999924
    endloop
  endfacet
  facet normal -0.9974523 -0.07133611 0
    outer loop
      vertex -39.6 -38 2.5999994
      vertex -39.583714 -38.227703 0.79999924
      vertex -39.583714 -38.227703 2.5999994
    endloop
  endfacet
  facet normal -0.70710677 0 -0.70710677
    outer loop
      vertex -39.6 -4 0.79999924
      vertex -38.8 -4 0
      vertex -38.8 -38 0
    endloop
  endfacet
  facet normal -0.7062043 0.050506547 -0.7062043
    outer loop
      vertex -39.6 -4 0.79999924
      vertex -39.583714 -3.772297 0.79999924
      vertex -38.8 -4 0
    endloop
  endfacet
  facet normal -0.9974523 0.07133611 0
    outer loop
      vertex -39.6 -4 0.79999924
      vertex -39.583714 -3.772297 2.5999994
      vertex -39.583714 -3.772297 0.79999924
    endloop
  endfacet
  facet normal -0.9974523 0.07133611 0
    outer loop
      vertex -39.6 -4 0.79999924
      vertex -39.6 -4 2.5999994
      vertex -39.583714 -3.772297 2.5999994
    endloop
  endfacet
  facet normal -0.70710677 0 -0.70710677
    outer loop
      vertex -39.6 38 0.79999924
      vertex -38.8 38 0
      vertex -38.8 4 0
    endloop
  endfacet
  facet normal -0.7062043 0.050506547 -0.7062043
    outer loop
      vertex -39.6 38 0.79999924
      vertex -39.583714 38.227703 0.79999924
      vertex -38.8 38 0
    endloop
  endfacet
  facet normal -0.9974523 0.07133611 0
    outer loop
      vertex -39.6 38 0.79999924
      vertex -39.583714 38.227703 2.5999994
      vertex -39.583714 38.227703 0.79999924
    endloop
  endfacet
  facet normal -0.9974523 0.07133611 0
    outer loop
      vertex -39.6 38 0.79999924
      vertex -39.6 38 2.5999994
      vertex -39.583714 38.227703 2.5999994
    endloop
  endfacet
  facet normal -0.7062043 -0.050506547 -0.7062043
    outer loop
      vertex -39.6 4 0.79999924
      vertex -38.8 4 0
      vertex -39.583714 3.772297 0.79999924
    endloop
  endfacet
  facet normal -0.9974523 -0.07133611 0
    outer loop
      vertex -39.6 4 0.79999924
      vertex -39.583714 3.772297 0.79999924
      vertex -39.6 4 2.5999994
    endloop
  endfacet
  facet normal -0.70710677 0 -0.70710677
    outer loop
      vertex -39.6 4 0.79999924
      vertex -39.6 38 0.79999924
      vertex -38.8 4 0
    endloop
  endfacet
  facet normal -1 0 0
    outer loop
      vertex -39.6 4 0.79999924
      vertex -39.6 38 2.5999994
      vertex -39.6 38 0.79999924
    endloop
  endfacet
  facet normal -1 0 0
    outer loop
      vertex -39.6 4 0.79999924
      vertex -39.6 4 2.5999994
      vertex -39.6 38 2.5999994
    endloop
  endfacet
  facet normal -0.9974523 -0.07133611 0
    outer loop
      vertex -39.6 4 2.5999994
      vertex -39.583714 3.772297 0.79999924
      vertex -39.583714 3.772297 2.5999994
    endloop
  endfacet
  facet normal -0.33864522 0.62017655 -0.7076019
    outer loop
      vertex -39.875 -0.75240517 4.75
      vertex -38.664665 -2.544589 2.5999994
      vertex -38.865025 -2.6539946 2.5999994
    endloop
  endfacet
  facet normal -0.3212924 0.6305761 -0.70650196
    outer loop
      vertex -39.875 -0.75240517 4.75
      vertex -39.52526 -0.5742054 4.75
      vertex -38.664665 -2.544589 2.5999994
    endloop
  endfacet
  facet normal 0 0 -1
    outer loop
      vertex -39.875 -0.75240517 4.75
      vertex -39.52526 0.5742054 4.75
      vertex -39.52526 -0.5742054 4.75
    endloop
  endfacet
  facet normal 0 0 -1
    outer loop
      vertex -39.875 -0.75240517 4.75
      vertex -39.875 0.75240517 4.75
      vertex -39.52526 0.5742054 4.75
    endloop
  endfacet
  facet normal -0.32129222 -0.6305757 -0.7065024
    outer loop
      vertex -39.875 -41.247597 4.75
      vertex -38.664665 -39.45541 2.5999994
      vertex -39.52526 -41.425797 4.75
    endloop
  endfacet
  facet normal -0.33864504 -0.6201762 -0.7076023
    outer loop
      vertex -39.875 -41.247597 4.75
      vertex -38.865025 -39.346004 2.5999994
      vertex -38.664665 -39.45541 2.5999994
    endloop
  endfacet
  facet normal -0.4539881 -0.8910078 0
    outer loop
      vertex -39.875 -41.247597 4.75
      vertex -39.52526 -41.425797 35
      vertex -39.875 -41.247597 35
    endloop
  endfacet
  facet normal -0.4539881 -0.8910078 0
    outer loop
      vertex -39.875 -41.247597 4.75
      vertex -39.52526 -41.425797 4.75
      vertex -39.52526 -41.425797 35
    endloop
  endfacet
  facet normal -0.3212924 -0.6305761 -0.70650196
    outer loop
      vertex -39.875 0.75240517 4.75
      vertex -38.664665 2.544589 2.5999994
      vertex -39.52526 0.5742054 4.75
    endloop
  endfacet
  facet normal -0.33864522 -0.62017655 -0.7076019
    outer loop
      vertex -39.875 0.75240517 4.75
      vertex -38.865025 2.6539946 2.5999994
      vertex -38.664665 2.544589 2.5999994
    endloop
  endfacet
  facet normal -0.4539881 0.8910078 0
    outer loop
      vertex -39.875 41.247597 35
      vertex -39.52526 41.425797 35
      vertex -39.52526 41.425797 4.75
    endloop
  endfacet
  facet normal -0.33864504 0.6201762 -0.7076023
    outer loop
      vertex -39.875 41.247597 4.75
      vertex -38.664665 39.45541 2.5999994
      vertex -38.865025 39.346004 2.5999994
    endloop
  endfacet
  facet normal -0.32129222 0.6305757 -0.7065024
    outer loop
      vertex -39.875 41.247597 4.75
      vertex -39.52526 41.425797 4.75
      vertex -38.664665 39.45541 2.5999994
    endloop
  endfacet
  facet normal -0.4539881 0.8910078 0
    outer loop
      vertex -39.875 41.247597 4.75
      vertex -39.875 41.247597 35
      vertex -39.52526 41.425797 4.75
    endloop
  endfacet
  facet normal 0 0 -1
    outer loop
      vertex -4 -0.25 4.75
      vertex -3.6080189 0.2705431 4.75
      vertex -3.6080189 -0.2705431 4.75
    endloop
  endfacet
  facet normal 0 0 -1
    outer loop
      vertex -4 -0.25 4.75
      vertex -4 0.25 4.75
      vertex -3.6080189 0.2705431 4.75
    endloop
  endfacet
  facet normal 0.07134027 0.997452 0
    outer loop
      vertex -4 -2.4000006 0.79999924
      vertex -4 -2.4000006 2.5999994
      vertex -3.772297 -2.4162865 0.79999924
    endloop
  endfacet
  facet normal 0.05042179 0.7049779 -0.70743465
    outer loop
      vertex -4 -2.4000006 2.5999994
      vertex -3.6080189 -0.2705431 4.75
      vertex -3.772297 -2.4162865 2.5999994
    endloop
  endfacet
  facet normal 0.07134027 0.997452 0
    outer loop
      vertex -4 -2.4000006 2.5999994
      vertex -3.772297 -2.4162865 2.5999994
      vertex -3.772297 -2.4162865 0.79999924
    endloop
  endfacet
  facet normal 0.037032906 0.70662177 -0.70662177
    outer loop
      vertex -4 -2.4000006 2.5999994
      vertex -4 -0.25 4.75
      vertex -3.6080189 -0.2705431 4.75
    endloop
  endfacet
  facet normal 0 0 -1
    outer loop
      vertex -4 -3.2000008 0
      vertex -3.2272596 -3.792945 0
      vertex -3.2000008 -4 0
    endloop
  endfacet
  facet normal 0 0 -1
    outer loop
      vertex -4 -3.2000008 0
      vertex -3.3071804 -3.6000004 0
      vertex -3.2272596 -3.792945 0
    endloop
  endfacet
  facet normal 0 0 -1
    outer loop
      vertex -4 -3.2000008 0
      vertex -3.4343147 -3.4343147 0
      vertex -3.3071804 -3.6000004 0
    endloop
  endfacet
  facet normal 0 0 -1
    outer loop
      vertex -4 -3.2000008 0
      vertex -3.6000004 -3.3071804 0
      vertex -3.4343147 -3.4343147 0
    endloop
  endfacet
  facet normal 0.091907 0.69811445 -0.7100629
    outer loop
      vertex -4 -3.2000008 0
      vertex -3.772297 -2.4162865 0.79999924
      vertex -3.792945 -3.2272596 0
    endloop
  endfacet
  facet normal 0 0 -1
    outer loop
      vertex -4 -3.2000008 0
      vertex -3.792945 -3.2272596 0
      vertex -3.6000004 -3.3071804 0
    endloop
  endfacet
  facet normal 0.050509468 0.7062038 -0.70620465
    outer loop
      vertex -4 -3.2000008 0
      vertex -4 -2.4000006 0.79999924
      vertex -3.772297 -2.4162865 0.79999924
    endloop
  endfacet
  facet normal 0 0 -1
    outer loop
      vertex -4 -38.8 0
      vertex -3.2000008 -38 0
      vertex -3.2272596 -38.207054 0
    endloop
  endfacet
  facet normal 0 0 -1
    outer loop
      vertex -4 -38.8 0
      vertex -3.2000008 -4 0
      vertex -3.2000008 -38 0
    endloop
  endfacet
  facet normal 0 0 -1
    outer loop
      vertex -4 -38.8 0
      vertex -3.2272596 -38.207054 0
      vertex -3.3071804 -38.4 0
    endloop
  endfacet
  facet normal 0 0 -1
    outer loop
      vertex -4 -38.8 0
      vertex -3.3071804 -38.4 0
      vertex -3.4343147 -38.565685 0
    endloop
  endfacet
  facet normal 0 0 -1
    outer loop
      vertex -4 -38.8 0
      vertex -3.4343147 -38.565685 0
      vertex -3.6000004 -38.692818 0
    endloop
  endfacet
  facet normal 0 0 -1
    outer loop
      vertex -4 -38.8 0
      vertex -3.6000004 -38.692818 0
      vertex -3.792945 -38.77274 0
    endloop
  endfacet
  facet normal 0.09191013 -0.6981138 -0.71006316
    outer loop
      vertex -4 -38.8 0
      vertex -3.792945 -38.77274 0
      vertex -3.772297 -39.583714 0.79999924
    endloop
  endfacet
  facet normal 0 0 -1
    outer loop
      vertex -4 -38.8 0
      vertex -4 -3.2000008 0
      vertex -3.2000008 -4 0
    endloop
  endfacet
  facet normal 0.07133611 -0.9974523 0
    outer loop
      vertex -4 -39.6 0.79999924
      vertex -3.772297 -39.583714 0.79999924
      vertex -3.772297 -39.583714 2.5999994
    endloop
  endfacet
  facet normal 0.07133611 -0.9974523 0
    outer loop
      vertex -4 -39.6 0.79999924
      vertex -3.772297 -39.583714 2.5999994
      vertex -4 -39.6 2.5999994
    endloop
  endfacet
  facet normal 0.050506547 -0.7062043 -0.7062043
    outer loop
      vertex -4 -39.6 0.79999924
      vertex -4 -38.8 0
      vertex -3.772297 -39.583714 0.79999924
    endloop
  endfacet
  facet normal 0.05041884 -0.704978 -0.7074348
    outer loop
      vertex -4 -39.6 2.5999994
      vertex -3.772297 -39.583714 2.5999994
      vertex -3.6080189 -41.729458 4.75
    endloop
  endfacet
  facet normal 0 0 -1
    outer loop
      vertex -4 -41.75 4.75
      vertex -3.6080189 -41.729458 4.75
      vertex 4 -41.75 4.75
    endloop
  endfacet
  facet normal 0.03703118 -0.70662165 -0.70662194
    outer loop
      vertex -4 -41.75 4.75
      vertex -4 -39.6 2.5999994
      vertex -3.6080189 -41.729458 4.75
    endloop
  endfacet
  facet normal 0 -1 0
    outer loop
      vertex -4 -41.75 4.75
      vertex 4 -41.75 4.75
      vertex 38 -41.75 35
    endloop
  endfacet
  facet normal 0.037032906 -0.70662177 -0.70662177
    outer loop
      vertex -4 0.25 4.75
      vertex -4 2.4000006 2.5999994
      vertex -3.6080189 0.2705431 4.75
    endloop
  endfacet
  facet normal 0.07134027 -0.997452 0
    outer loop
      vertex -4 2.4000006 0.79999924
      vertex -3.772297 2.4162865 0.79999924
      vertex -3.772297 2.4162865 2.5999994
    endloop
  endfacet
  facet normal 0.07134027 -0.997452 0
    outer loop
      vertex -4 2.4000006 0.79999924
      vertex -3.772297 2.4162865 2.5999994
      vertex -4 2.4000006 2.5999994
    endloop
  endfacet
  facet normal 0.050509468 -0.7062038 -0.70620465
    outer loop
      vertex -4 2.4000006 0.79999924
      vertex -4 3.2000008 0
      vertex -3.772297 2.4162865 0.79999924
    endloop
  endfacet
  facet normal 0.05042179 -0.7049779 -0.70743465
    outer loop
      vertex -4 2.4000006 2.5999994
      vertex -3.772297 2.4162865 2.5999994
      vertex -3.6080189 0.2705431 4.75
    endloop
  endfacet
  facet normal 0 0 -1
    outer loop
      vertex -4 3.2000008 0
      vertex -3.2000008 38 0
      vertex -3.2000008 4 0
    endloop
  endfacet
  facet normal 0 0 -1
    outer loop
      vertex -4 3.2000008 0
      vertex -3.2000008 4 0
      vertex -3.2272596 3.792945 0
    endloop
  endfacet
  facet normal 0 0 -1
    outer loop
      vertex -4 3.2000008 0
      vertex -3.2272596 3.792945 0
      vertex -3.3071804 3.6000004 0
    endloop
  endfacet
  facet normal 0 0 -1
    outer loop
      vertex -4 3.2000008 0
      vertex -3.3071804 3.6000004 0
      vertex -3.4343147 3.4343147 0
    endloop
  endfacet
  facet normal 0 0 -1
    outer loop
      vertex -4 3.2000008 0
      vertex -3.4343147 3.4343147 0
      vertex -3.6000004 3.3071804 0
    endloop
  endfacet
  facet normal 0 0 -1
    outer loop
      vertex -4 3.2000008 0
      vertex -3.6000004 3.3071804 0
      vertex -3.792945 3.2272596 0
    endloop
  endfacet
  facet normal 0.091907 -0.69811445 -0.7100629
    outer loop
      vertex -4 3.2000008 0
      vertex -3.792945 3.2272596 0
      vertex -3.772297 2.4162865 0.79999924
    endloop
  endfacet
  facet normal 0 0 -1
    outer loop
      vertex -4 3.2000008 0
      vertex -4 38.8 0
      vertex -3.2000008 38 0
    endloop
  endfacet
  facet normal 0 0 -1
    outer loop
      vertex -4 38.8 0
      vertex -3.2272596 38.207054 0
      vertex -3.2000008 38 0
    endloop
  endfacet
  facet normal 0 0 -1
    outer loop
      vertex -4 38.8 0
      vertex -3.3071804 38.4 0
      vertex -3.2272596 38.207054 0
    endloop
  endfacet
  facet normal 0 0 -1
    outer loop
      vertex -4 38.8 0
      vertex -3.4343147 38.565685 0
      vertex -3.3071804 38.4 0
    endloop
  endfacet
  facet normal 0 0 -1
    outer loop
      vertex -4 38.8 0
      vertex -3.6000004 38.692818 0
      vertex -3.4343147 38.565685 0
    endloop
  endfacet
  facet normal 0.09191013 0.6981138 -0.71006316
    outer loop
      vertex -4 38.8 0
      vertex -3.772297 39.583714 0.79999924
      vertex -3.792945 38.77274 0
    endloop
  endfacet
  facet normal 0 0 -1
    outer loop
      vertex -4 38.8 0
      vertex -3.792945 38.77274 0
      vertex -3.6000004 38.692818 0
    endloop
  endfacet
  facet normal 0.050506547 0.7062043 -0.7062043
    outer loop
      vertex -4 38.8 0
      vertex -4 39.6 0.79999924
      vertex -3.772297 39.583714 0.79999924
    endloop
  endfacet
  facet normal 0.07133611 0.9974523 0
    outer loop
      vertex -4 39.6 0.79999924
      vertex -4 39.6 2.5999994
      vertex -3.772297 39.583714 0.79999924
    endloop
  endfacet
  facet normal 0.05041884 0.704978 -0.7074348
    outer loop
      vertex -4 39.6 2.5999994
      vertex -3.6080189 41.729458 4.75
      vertex -3.772297 39.583714 2.5999994
    endloop
  endfacet
  facet normal 0.07133611 0.9974523 0
    outer loop
      vertex -4 39.6 2.5999994
      vertex -3.772297 39.583714 2.5999994
      vertex -3.772297 39.583714 0.79999924
    endloop
  endfacet
  facet normal 0.03703118 0.70662165 -0.70662194
    outer loop
      vertex -4 39.6 2.5999994
      vertex -4 41.75 4.75
      vertex -3.6080189 41.729458 4.75
    endloop
  endfacet
  facet normal 0 0 -1
    outer loop
      vertex -4 41.75 4.75
      vertex 4 41.75 4.75
      vertex -3.6080189 41.729458 4.75
    endloop
  endfacet
  facet normal -0.42339152 0.5655806 -0.70771337
    outer loop
      vertex -40.204193 -0.9661865 4.75
      vertex -38.865025 -2.6539946 2.5999994
      vertex -39.047775 -2.790801 2.5999994
    endloop
  endfacet
  facet normal -0.38557804 0.59373575 -0.706263
    outer loop
      vertex -40.204193 -0.9661865 4.75
      vertex -39.875 -0.75240517 4.75
      vertex -38.865025 -2.6539946 2.5999994
    endloop
  endfacet
  facet normal 0 0 -1
    outer loop
      vertex -40.204193 -0.9661865 4.75
      vertex -39.875 0.75240517 4.75
      vertex -39.875 -0.75240517 4.75
    endloop
  endfacet
  facet normal 0 0 -1
    outer loop
      vertex -40.204193 -0.9661865 4.75
      vertex -40.204193 0.9661865 4.75
      vertex -39.875 0.75240517 4.75
    endloop
  endfacet
  facet normal -0.3855803 -0.59373397 -0.7062633
    outer loop
      vertex -40.204193 -41.033813 4.75
      vertex -38.865025 -39.346004 2.5999994
      vertex -39.875 -41.247597 4.75
    endloop
  endfacet
  facet normal -0.42339143 -0.5655805 -0.7077135
    outer loop
      vertex -40.204193 -41.033813 4.75
      vertex -39.047775 -39.209198 2.5999994
      vertex -38.865025 -39.346004 2.5999994
    endloop
  endfacet
  facet normal -0.544644 -0.83866733 0
    outer loop
      vertex -40.204193 -41.033813 4.75
      vertex -39.875 -41.247597 35
      vertex -40.204193 -41.033813 35
    endloop
  endfacet
  facet normal -0.544644 -0.83866733 0
    outer loop
      vertex -40.204193 -41.033813 4.75
      vertex -39.875 -41.247597 4.75
      vertex -39.875 -41.247597 35
    endloop
  endfacet
  facet normal -0.38557804 -0.59373575 -0.706263
    outer loop
      vertex -40.204193 0.9661865 4.75
      vertex -38.865025 2.6539946 2.5999994
      vertex -39.875 0.75240517 4.75
    endloop
  endfacet
  facet normal -0.42339152 -0.5655806 -0.70771337
    outer loop
      vertex -40.204193 0.9661865 4.75
      vertex -39.047775 2.790801 2.5999994
      vertex -38.865025 2.6539946 2.5999994
    endloop
  endfacet
  facet normal -0.544644 0.83866733 0
    outer loop
      vertex -40.204193 41.033813 35
      vertex -39.875 41.247597 35
      vertex -39.875 41.247597 4.75
    endloop
  endfacet
  facet normal -0.42339143 0.5655805 -0.7077135
    outer loop
      vertex -40.204193 41.033813 4.75
      vertex -38.865025 39.346004 2.5999994
      vertex -39.047775 39.209198 2.5999994
    endloop
  endfacet
  facet normal -0.3855803 0.59373397 -0.7062633
    outer loop
      vertex -40.204193 41.033813 4.75
      vertex -39.875 41.247597 4.75
      vertex -38.865025 39.346004 2.5999994
    endloop
  endfacet
  facet normal -0.544644 0.83866733 0
    outer loop
      vertex -40.204193 41.033813 4.75
      vertex -40.204193 41.033813 35
      vertex -39.875 41.247597 4.75
    endloop
  endfacet
  facet normal -0.50012356 0.50012356 -0.706932
    outer loop
      vertex -40.50924 -1.2132072 4.75
      vertex -39.047775 -2.790801 2.5999994
      vertex -39.209198 -2.9522238 2.5999994
    endloop
  endfacet
  facet normal -0.4454361 0.55006933 -0.70640665
    outer loop
      vertex -40.50924 -1.2132072 4.75
      vertex -40.204193 -0.9661865 4.75
      vertex -39.047775 -2.790801 2.5999994
    endloop
  endfacet
  facet normal 0 0 -1
    outer loop
      vertex -40.50924 -1.2132072 4.75
      vertex -40.204193 0.9661865 4.75
      vertex -40.204193 -0.9661865 4.75
    endloop
  endfacet
  facet normal 0 0 -1
    outer loop
      vertex -40.50924 -1.2132072 4.75
      vertex -40.50924 1.2132072 4.75
      vertex -40.204193 0.9661865 4.75
    endloop
  endfacet
  facet normal -0.445436 -0.5500693 -0.70640683
    outer loop
      vertex -40.50924 -40.786793 4.75
      vertex -39.047775 -39.209198 2.5999994
      vertex -40.204193 -41.033813 4.75
    endloop
  endfacet
  facet normal -0.50012344 -0.50012344 -0.7069321
    outer loop
      vertex -40.50924 -40.786793 4.75
      vertex -39.209198 -39.047775 2.5999994
      vertex -39.047775 -39.209198 2.5999994
    endloop
  endfacet
  facet normal -0.62931925 -0.7771469 0
    outer loop
      vertex -40.50924 -40.786793 4.75
      vertex -40.204193 -41.033813 35
      vertex -40.50924 -40.786793 35
    endloop
  endfacet
  facet normal -0.62931925 -0.7771469 0
    outer loop
      vertex -40.50924 -40.786793 4.75
      vertex -40.204193 -41.033813 4.75
      vertex -40.204193 -41.033813 35
    endloop
  endfacet
  facet normal -0.4454361 -0.55006933 -0.70640665
    outer loop
      vertex -40.50924 1.2132072 4.75
      vertex -39.047775 2.790801 2.5999994
      vertex -40.204193 0.9661865 4.75
    endloop
  endfacet
  facet normal -0.50012356 -0.50012356 -0.706932
    outer loop
      vertex -40.50924 1.2132072 4.75
      vertex -39.209198 2.9522238 2.5999994
      vertex -39.047775 2.790801 2.5999994
    endloop
  endfacet
  facet normal -0.62931925 0.7771469 0
    outer loop
      vertex -40.50924 40.786793 35
      vertex -40.204193 41.033813 35
      vertex -40.204193 41.033813 4.75
    endloop
  endfacet
  facet normal -0.50012344 0.50012344 -0.7069321
    outer loop
      vertex -40.50924 40.786793 4.75
      vertex -39.047775 39.209198 2.5999994
      vertex -39.209198 39.047775 2.5999994
    endloop
  endfacet
  facet normal -0.445436 0.5500693 -0.70640683
    outer loop
      vertex -40.50924 40.786793 4.75
      vertex -40.204193 41.033813 4.75
      vertex -39.047775 39.209198 2.5999994
    endloop
  endfacet
  facet normal -0.62931925 0.7771469 0
    outer loop
      vertex -40.50924 40.786793 4.75
      vertex -40.50924 40.786793 35
      vertex -40.204193 41.033813 4.75
    endloop
  endfacet
  facet normal -0.50012356 0.50012356 -0.706932
    outer loop
      vertex -40.786793 -1.4907608 4.75
      vertex -40.50924 -1.2132072 4.75
      vertex -39.209198 -2.9522238 2.5999994
    endloop
  endfacet
  facet normal 0 0 -1
    outer loop
      vertex -40.786793 -1.4907608 4.75
      vertex -40.50924 1.2132072 4.75
      vertex -40.50924 -1.2132072 4.75
    endloop
  endfacet
  facet normal 0 0 -1
    outer loop
      vertex -40.786793 -1.4907608 4.75
      vertex -40.786793 1.4907608 4.75
      vertex -40.50924 1.2132072 4.75
    endloop
  endfacet
  facet normal -0.70710677 -0.70710677 0
    outer loop
      vertex -40.786793 -40.50924 35
      vertex -40.50924 -40.786793 4.75
      vertex -40.50924 -40.786793 35
    endloop
  endfacet
  facet normal -0.50012344 -0.50012344 -0.7069321
    outer loop
      vertex -40.786793 -40.50924 4.75
      vertex -39.209198 -39.047775 2.5999994
      vertex -40.50924 -40.786793 4.75
    endloop
  endfacet
  facet normal -0.70710677 -0.70710677 0
    outer loop
      vertex -40.786793 -40.50924 4.75
      vertex -40.50924 -40.786793 4.75
      vertex -40.786793 -40.50924 35
    endloop
  endfacet
  facet normal -0.50012356 -0.50012356 -0.706932
    outer loop
      vertex -40.786793 1.4907608 4.75
      vertex -39.209198 2.9522238 2.5999994
      vertex -40.50924 1.2132072 4.75
    endloop
  endfacet
  facet normal -0.70710677 0.70710677 0
    outer loop
      vertex -40.786793 40.50924 4.75
      vertex -40.50924 40.786793 35
      vertex -40.50924 40.786793 4.75
    endloop
  endfacet
  facet normal -0.50012344 0.50012344 -0.7069321
    outer loop
      vertex -40.786793 40.50924 4.75
      vertex -40.50924 40.786793 4.75
      vertex -39.209198 39.047775 2.5999994
    endloop
  endfacet
  facet normal -0.70710677 0.70710677 0
    outer loop
      vertex -40.786793 40.50924 4.75
      vertex -40.786793 40.50924 35
      vertex -40.50924 40.786793 35
    endloop
  endfacet
  facet normal -0.5655815 0.42339 -0.70771354
    outer loop
      vertex -41.033813 -1.7958059 4.75
      vertex -39.209198 -2.9522238 2.5999994
      vertex -39.346004 -3.1349754 2.5999994
    endloop
  endfacet
  facet normal -0.5500686 0.4454369 -0.7064067
    outer loop
      vertex -41.033813 -1.7958059 4.75
      vertex -40.786793 -1.4907608 4.75
      vertex -39.209198 -2.9522238 2.5999994
    endloop
  endfacet
  facet normal 0 0 -1
    outer loop
      vertex -41.033813 -1.7958059 4.75
      vertex -40.786793 1.4907608 4.75
      vertex -40.786793 -1.4907608 4.75
    endloop
  endfacet
  facet normal 0 0 -1
    outer loop
      vertex -41.033813 -1.7958059 4.75
      vertex -41.033813 1.7958059 4.75
      vertex -40.786793 1.4907608 4.75
    endloop
  endfacet
  facet normal -0.7771469 -0.62931925 0
    outer loop
      vertex -41.033813 -40.204193 35
      vertex -40.786793 -40.50924 4.75
      vertex -40.786793 -40.50924 35
    endloop
  endfacet
  facet normal -0.5500693 -0.445436 -0.70640683
    outer loop
      vertex -41.033813 -40.204193 4.75
      vertex -39.209198 -39.047775 2.5999994
      vertex -40.786793 -40.50924 4.75
    endloop
  endfacet
  facet normal -0.5655805 -0.42339143 -0.7077135
    outer loop
      vertex -41.033813 -40.204193 4.75
      vertex -39.346004 -38.865025 2.5999994
      vertex -39.209198 -39.047775 2.5999994
    endloop
  endfacet
  facet normal -0.7771469 -0.62931925 0
    outer loop
      vertex -41.033813 -40.204193 4.75
      vertex -40.786793 -40.50924 4.75
      vertex -41.033813 -40.204193 35
    endloop
  endfacet
  facet normal -0.5500686 -0.4454369 -0.7064067
    outer loop
      vertex -41.033813 1.7958059 4.75
      vertex -39.209198 2.9522238 2.5999994
      vertex -40.786793 1.4907608 4.75
    endloop
  endfacet
  facet normal -0.5655815 -0.42339 -0.70771354
    outer loop
      vertex -41.033813 1.7958059 4.75
      vertex -39.346004 3.1349754 2.5999994
      vertex -39.209198 2.9522238 2.5999994
    endloop
  endfacet
  facet normal -0.5655805 0.42339143 -0.7077135
    outer loop
      vertex -41.033813 40.204193 4.75
      vertex -39.209198 39.047775 2.5999994
      vertex -39.346004 38.865025 2.5999994
    endloop
  endfacet
  facet normal -0.7771469 0.62931925 0
    outer loop
      vertex -41.033813 40.204193 4.75
      vertex -40.786793 40.50924 35
      vertex -40.786793 40.50924 4.75
    endloop
  endfacet
  facet normal -0.5500693 0.445436 -0.70640683
    outer loop
      vertex -41.033813 40.204193 4.75
      vertex -40.786793 40.50924 4.75
      vertex -39.209198 39.047775 2.5999994
    endloop
  endfacet
  facet normal -0.7771469 0.62931925 0
    outer loop
      vertex -41.033813 40.204193 4.75
      vertex -41.033813 40.204193 35
      vertex -40.786793 40.50924 35
    endloop
  endfacet
  facet normal -0.62017757 0.33864257 -0.70760226
    outer loop
      vertex -41.247597 -2.125001 4.75
      vertex -39.346004 -3.1349754 2.5999994
      vertex -39.45541 -3.3353367 2.5999994
    endloop
  endfacet
  facet normal -0.593735 0.38557872 -0.7062633
    outer loop
      vertex -41.247597 -2.125001 4.75
      vertex -41.033813 -1.7958059 4.75
      vertex -39.346004 -3.1349754 2.5999994
    endloop
  endfacet
  facet normal 0 0 -1
    outer loop
      vertex -41.247597 -2.125001 4.75
      vertex -41.033813 1.7958059 4.75
      vertex -41.033813 -1.7958059 4.75
    endloop
  endfacet
  facet normal 0 0 -1
    outer loop
      vertex -41.247597 -2.125001 4.75
      vertex -41.247597 2.125 4.75
      vertex -41.033813 1.7958059 4.75
    endloop
  endfacet
  facet normal -0.83866733 -0.544644 0
    outer loop
      vertex -41.247597 -39.875 35
      vertex -41.033813 -40.204193 4.75
      vertex -41.033813 -40.204193 35
    endloop
  endfacet
  facet normal -0.59373397 -0.3855803 -0.7062633
    outer loop
      vertex -41.247597 -39.875 4.75
      vertex -39.346004 -38.865025 2.5999994
      vertex -41.033813 -40.204193 4.75
    endloop
  endfacet
  facet normal -0.6201762 -0.33864504 -0.7076023
    outer loop
      vertex -41.247597 -39.875 4.75
      vertex -39.45541 -38.664665 2.5999994
      vertex -39.346004 -38.865025 2.5999994
    endloop
  endfacet
  facet normal -0.83866733 -0.544644 0
    outer loop
      vertex -41.247597 -39.875 4.75
      vertex -41.033813 -40.204193 4.75
      vertex -41.247597 -39.875 35
    endloop
  endfacet
  facet normal -0.59373444 -0.3855795 -0.70626336
    outer loop
      vertex -41.247597 2.125 4.75
      vertex -39.346004 3.1349754 2.5999994
      vertex -41.033813 1.7958059 4.75
    endloop
  endfacet
  facet normal -0.6201775 -0.33864254 -0.7076023
    outer loop
      vertex -41.247597 2.125 4.75
      vertex -39.45541 3.3353367 2.5999994
      vertex -39.346004 3.1349754 2.5999994
    endloop
  endfacet
  facet normal -0.6201762 0.33864504 -0.7076023
    outer loop
      vertex -41.247597 39.875 4.75
      vertex -39.346004 38.865025 2.5999994
      vertex -39.45541 38.664665 2.5999994
    endloop
  endfacet
  facet normal -0.83866733 0.544644 0
    outer loop
      vertex -41.247597 39.875 4.75
      vertex -41.033813 40.204193 35
      vertex -41.033813 40.204193 4.75
    endloop
  endfacet
  facet normal -0.59373397 0.3855803 -0.7062633
    outer loop
      vertex -41.247597 39.875 4.75
      vertex -41.033813 40.204193 4.75
      vertex -39.346004 38.865025 2.5999994
    endloop
  endfacet
  facet normal -0.83866733 0.544644 0
    outer loop
      vertex -41.247597 39.875 4.75
      vertex -41.247597 39.875 35
      vertex -41.033813 40.204193 35
    endloop
  endfacet
  facet normal -0.6305748 0.32129353 -0.70650256
    outer loop
      vertex -41.425797 -2.4747381 4.75
      vertex -41.247597 -2.125001 4.75
      vertex -39.45541 -3.3353367 2.5999994
    endloop
  endfacet
  facet normal 0 0 -1
    outer loop
      vertex -41.425797 -2.4747381 4.75
      vertex -41.247597 2.125 4.75
      vertex -41.247597 -2.125001 4.75
    endloop
  endfacet
  facet normal 0 0 -1
    outer loop
      vertex -41.425797 -2.4747381 4.75
      vertex -41.425797 2.4747381 4.75
      vertex -41.247597 2.125 4.75
    endloop
  endfacet
  facet normal -0.8910078 -0.4539881 0
    outer loop
      vertex -41.425797 -39.52526 35
      vertex -41.247597 -39.875 4.75
      vertex -41.247597 -39.875 35
    endloop
  endfacet
  facet normal -0.6305757 -0.32129222 -0.7065024
    outer loop
      vertex -41.425797 -39.52526 4.75
      vertex -39.45541 -38.664665 2.5999994
      vertex -41.247597 -39.875 4.75
    endloop
  endfacet
  facet normal -0.8910078 -0.4539881 0
    outer loop
      vertex -41.425797 -39.52526 4.75
      vertex -41.247597 -39.875 4.75
      vertex -41.425797 -39.52526 35
    endloop
  endfacet
  facet normal -0.6305752 -0.32129282 -0.70650256
    outer loop
      vertex -41.425797 2.4747381 4.75
      vertex -39.45541 3.3353367 2.5999994
      vertex -41.247597 2.125 4.75
    endloop
  endfacet
  facet normal -0.8910078 0.4539881 0
    outer loop
      vertex -41.425797 39.52526 4.75
      vertex -41.247597 39.875 35
      vertex -41.247597 39.875 4.75
    endloop
  endfacet
  facet normal -0.6305757 0.32129222 -0.7065024
    outer loop
      vertex -41.425797 39.52526 4.75
      vertex -41.247597 39.875 4.75
      vertex -39.45541 38.664665 2.5999994
    endloop
  endfacet
  facet normal -0.8910078 0.4539881 0
    outer loop
      vertex -41.425797 39.52526 4.75
      vertex -41.425797 39.52526 35
      vertex -41.247597 39.875 35
    endloop
  endfacet
  facet normal -0.6624264 0.24706975 -0.70721126
    outer loop
      vertex -41.56646 -2.8411865 4.75
      vertex -39.45541 -3.3353367 2.5999994
      vertex -39.535187 -3.5492287 2.5999994
    endloop
  endfacet
  facet normal -0.6604618 0.25352174 -0.7067651
    outer loop
      vertex -41.56646 -2.8411865 4.75
      vertex -41.425797 -2.4747381 4.75
      vertex -39.45541 -3.3353367 2.5999994
    endloop
  endfacet
  facet normal 0 0 -1
    outer loop
      vertex -41.56646 -2.8411865 4.75
      vertex -41.425797 2.4747381 4.75
      vertex -41.425797 -2.4747381 4.75
    endloop
  endfacet
  facet normal 0 0 -1
    outer loop
      vertex -41.56646 -2.8411865 4.75
      vertex -41.56646 2.8411865 4.75
      vertex -41.425797 2.4747381 4.75
    endloop
  endfacet
  facet normal -0.93358284 -0.35836163 0
    outer loop
      vertex -41.56646 -39.158813 35
      vertex -41.425797 -39.52526 4.75
      vertex -41.425797 -39.52526 35
    endloop
  endfacet
  facet normal -0.6604617 -0.25352237 -0.706765
    outer loop
      vertex -41.56646 -39.158813 4.75
      vertex -39.45541 -38.664665 2.5999994
      vertex -41.425797 -39.52526 4.75
    endloop
  endfacet
  facet normal -0.6624271 -0.2470678 -0.7072113
    outer loop
      vertex -41.56646 -39.158813 4.75
      vertex -39.535187 -38.45077 2.5999994
      vertex -39.45541 -38.664665 2.5999994
    endloop
  endfacet
  facet normal -0.93358284 -0.35836163 0
    outer loop
      vertex -41.56646 -39.158813 4.75
      vertex -41.425797 -39.52526 4.75
      vertex -41.56646 -39.158813 35
    endloop
  endfacet
  facet normal -0.6604618 -0.25352174 -0.7067651
    outer loop
      vertex -41.56646 2.8411865 4.75
      vertex -39.45541 3.3353367 2.5999994
      vertex -41.425797 2.4747381 4.75
    endloop
  endfacet
  facet normal -0.6624264 -0.24706975 -0.70721126
    outer loop
      vertex -41.56646 2.8411865 4.75
      vertex -39.535187 3.5492287 2.5999994
      vertex -39.45541 3.3353367 2.5999994
    endloop
  endfacet
  facet normal -0.6624271 0.2470678 -0.7072113
    outer loop
      vertex -41.56646 39.158813 4.75
      vertex -39.45541 38.664665 2.5999994
      vertex -39.535187 38.45077 2.5999994
    endloop
  endfacet
  facet normal -0.93358284 0.35836163 0
    outer loop
      vertex -41.56646 39.158813 4.75
      vertex -41.425797 39.52526 35
      vertex -41.425797 39.52526 4.75
    endloop
  endfacet
  facet normal -0.6604617 0.25352237 -0.706765
    outer loop
      vertex -41.56646 39.158813 4.75
      vertex -41.425797 39.52526 4.75
      vertex -39.45541 38.664665 2.5999994
    endloop
  endfacet
  facet normal -0.93358284 0.35836163 0
    outer loop
      vertex -41.56646 39.158813 4.75
      vertex -41.56646 39.158813 35
      vertex -41.425797 39.52526 35
    endloop
  endfacet
  facet normal -0.69029844 0.15016907 -0.7077692
    outer loop
      vertex -41.668053 -3.2203312 4.75
      vertex -39.535187 -3.5492287 2.5999994
      vertex -39.583714 -3.772297 2.5999994
    endloop
  endfacet
  facet normal -0.68375677 0.1832148 -0.7063349
    outer loop
      vertex -41.668053 -3.2203312 4.75
      vertex -41.56646 -2.8411865 4.75
      vertex -39.535187 -3.5492287 2.5999994
    endloop
  endfacet
  facet normal 0 0 -1
    outer loop
      vertex -41.668053 -3.2203312 4.75
      vertex -41.56646 2.8411865 4.75
      vertex -41.56646 -2.8411865 4.75
    endloop
  endfacet
  facet normal 0 0 -1
    outer loop
      vertex -41.668053 -3.2203312 4.75
      vertex -41.668053 3.2203312 4.75
      vertex -41.56646 2.8411865 4.75
    endloop
  endfacet
  facet normal -0.96592456 -0.25882384 0
    outer loop
      vertex -41.668053 -38.77967 35
      vertex -41.56646 -39.158813 4.75
      vertex -41.56646 -39.158813 35
    endloop
  endfacet
  facet normal -0.68375653 -0.18321565 -0.70633495
    outer loop
      vertex -41.668053 -38.77967 4.75
      vertex -39.535187 -38.45077 2.5999994
      vertex -41.56646 -39.158813 4.75
    endloop
  endfacet
  facet normal -0.6902984 -0.15016906 -0.7077693
    outer loop
      vertex -41.668053 -38.77967 4.75
      vertex -39.583714 -38.227703 2.5999994
      vertex -39.535187 -38.45077 2.5999994
    endloop
  endfacet
  facet normal -0.96592456 -0.25882384 0
    outer loop
      vertex -41.668053 -38.77967 4.75
      vertex -41.56646 -39.158813 4.75
      vertex -41.668053 -38.77967 35
    endloop
  endfacet
  facet normal -0.68375677 -0.1832148 -0.7063349
    outer loop
      vertex -41.668053 3.2203312 4.75
      vertex -39.535187 3.5492287 2.5999994
      vertex -41.56646 2.8411865 4.75
    endloop
  endfacet
  facet normal -0.69029844 -0.15016907 -0.7077692
    outer loop
      vertex -41.668053 3.2203312 4.75
      vertex -39.583714 3.772297 2.5999994
      vertex -39.535187 3.5492287 2.5999994
    endloop
  endfacet
  facet normal -0.6902984 0.15016906 -0.7077693
    outer loop
      vertex -41.668053 38.77967 4.75
      vertex -39.535187 38.45077 2.5999994
      vertex -39.583714 38.227703 2.5999994
    endloop
  endfacet
  facet normal -0.96592456 0.25882384 0
    outer loop
      vertex -41.668053 38.77967 4.75
      vertex -41.56646 39.158813 35
      vertex -41.56646 39.158813 4.75
    endloop
  endfacet
  facet normal -0.68375653 0.18321565 -0.70633495
    outer loop
      vertex -41.668053 38.77967 4.75
      vertex -41.56646 39.158813 4.75
      vertex -39.535187 38.45077 2.5999994
    endloop
  endfacet
  facet normal -0.96592456 0.25882384 0
    outer loop
      vertex -41.668053 38.77967 4.75
      vertex -41.668053 38.77967 35
      vertex -41.56646 39.158813 35
    endloop
  endfacet
  facet normal -0.704978 0.05041884 -0.7074348
    outer loop
      vertex -41.729458 -3.6080189 4.75
      vertex -39.583714 -3.772297 2.5999994
      vertex -39.6 -4 2.5999994
    endloop
  endfacet
  facet normal -0.69920933 0.11074656 -0.70628715
    outer loop
      vertex -41.729458 -3.6080189 4.75
      vertex -41.668053 -3.2203312 4.75
      vertex -39.583714 -3.772297 2.5999994
    endloop
  endfacet
  facet normal 0 0 -1
    outer loop
      vertex -41.729458 -3.6080189 4.75
      vertex -41.668053 3.2203312 4.75
      vertex -41.668053 -3.2203312 4.75
    endloop
  endfacet
  facet normal 0 0 -1
    outer loop
      vertex -41.729458 -3.6080189 4.75
      vertex -41.729458 3.6080189 4.75
      vertex -41.668053 3.2203312 4.75
    endloop
  endfacet
  facet normal -0.98768777 -0.15643816 0
    outer loop
      vertex -41.729458 -38.391983 35
      vertex -41.668053 -38.77967 4.75
      vertex -41.668053 -38.77967 35
    endloop
  endfacet
  facet normal -0.6992093 -0.110746555 -0.70628715
    outer loop
      vertex -41.729458 -38.391983 4.75
      vertex -39.583714 -38.227703 2.5999994
      vertex -41.668053 -38.77967 4.75
    endloop
  endfacet
  facet normal -0.7049779 -0.05041884 -0.70743483
    outer loop
      vertex -41.729458 -38.391983 4.75
      vertex -39.6 -38 2.5999994
      vertex -39.583714 -38.227703 2.5999994
    endloop
  endfacet
  facet normal -0.98768777 -0.15643816 0
    outer loop
      vertex -41.729458 -38.391983 4.75
      vertex -41.668053 -38.77967 4.75
      vertex -41.729458 -38.391983 35
    endloop
  endfacet
  facet normal -0.69920933 -0.11074656 -0.70628715
    outer loop
      vertex -41.729458 3.6080189 4.75
      vertex -39.583714 3.772297 2.5999994
      vertex -41.668053 3.2203312 4.75
    endloop
  endfacet
  facet normal -0.704978 -0.05041884 -0.7074348
    outer loop
      vertex -41.729458 3.6080189 4.75
      vertex -39.6 4 2.5999994
      vertex -39.583714 3.772297 2.5999994
    endloop
  endfacet
  facet normal -0.7049779 0.05041884 -0.70743483
    outer loop
      vertex -41.729458 38.391983 4.75
      vertex -39.583714 38.227703 2.5999994
      vertex -39.6 38 2.5999994
    endloop
  endfacet
  facet normal -0.98768777 0.15643816 0
    outer loop
      vertex -41.729458 38.391983 4.75
      vertex -41.668053 38.77967 35
      vertex -41.668053 38.77967 4.75
    endloop
  endfacet
  facet normal -0.6992093 0.110746555 -0.70628715
    outer loop
      vertex -41.729458 38.391983 4.75
      vertex -41.668053 38.77967 4.75
      vertex -39.583714 38.227703 2.5999994
    endloop
  endfacet
  facet normal -0.98768777 0.15643816 0
    outer loop
      vertex -41.729458 38.391983 4.75
      vertex -41.729458 38.391983 35
      vertex -41.668053 38.77967 35
    endloop
  endfacet
  facet normal 0 0 1
    outer loop
      vertex -41.75 -38 35
      vertex -30.5 -21.75 35
      vertex -30.854605 -21.685017 35
    endloop
  endfacet
  facet normal 0 0 1
    outer loop
      vertex -41.75 -38 35
      vertex -30.854605 -21.685017 35
      vertex -31.068066 -21.572983 35
    endloop
  endfacet
  facet normal 0 0 1
    outer loop
      vertex -41.75 -38 35
      vertex -31.068066 -21.572983 35
      vertex -31.24851 -21.413122 35
    endloop
  endfacet
  facet normal 0 0 1
    outer loop
      vertex -41.75 -38 35
      vertex -31.24851 -21.413122 35
      vertex -31.385456 -21.214722 35
    endloop
  endfacet
  facet normal 0 0 1
    outer loop
      vertex -41.75 -38 35
      vertex -31.385456 -21.214722 35
      vertex -31.470942 -20.989315 35
    endloop
  endfacet
  facet normal 0 0 1
    outer loop
      vertex -41.75 -38 35
      vertex -31.470942 -20.989315 35
      vertex -31.5 -20.75 35
    endloop
  endfacet
  facet normal 0 0 1
    outer loop
      vertex -41.75 -38 35
      vertex -31.5 -12.049999 35
      vertex -41.75 38 35
    endloop
  endfacet
  facet normal 0 0 1
    outer loop
      vertex -41.75 -38 35
      vertex -31.5 -20.75 35
      vertex -31.5 -12.049999 35
    endloop
  endfacet
  facet normal 0 0 1
    outer loop
      vertex -41.75 -38 35
      vertex -38 -41.75 35
      vertex -30.5 -21.75 35
    endloop
  endfacet
  facet normal 0 0 1
    outer loop
      vertex -41.75 -38 35
      vertex -38.391983 -41.729458 35
      vertex -38 -41.75 35
    endloop
  endfacet
  facet normal 0 0 1
    outer loop
      vertex -41.75 -38 35
      vertex -38.77967 -41.668053 35
      vertex -38.391983 -41.729458 35
    endloop
  endfacet
  facet normal 0 0 1
    outer loop
      vertex -41.75 -38 35
      vertex -39.158813 -41.56646 35
      vertex -38.77967 -41.668053 35
    endloop
  endfacet
  facet normal 0 0 1
    outer loop
      vertex -41.75 -38 35
      vertex -39.52526 -41.425797 35
      vertex -39.158813 -41.56646 35
    endloop
  endfacet
  facet normal 0 0 1
    outer loop
      vertex -41.75 -38 35
      vertex -39.875 -41.247597 35
      vertex -39.52526 -41.425797 35
    endloop
  endfacet
  facet normal 0 0 1
    outer loop
      vertex -41.75 -38 35
      vertex -40.204193 -41.033813 35
      vertex -39.875 -41.247597 35
    endloop
  endfacet
  facet normal 0 0 1
    outer loop
      vertex -41.75 -38 35
      vertex -40.50924 -40.786793 35
      vertex -40.204193 -41.033813 35
    endloop
  endfacet
  facet normal 0 0 1
    outer loop
      vertex -41.75 -38 35
      vertex -40.786793 -40.50924 35
      vertex -40.50924 -40.786793 35
    endloop
  endfacet
  facet normal 0 0 1
    outer loop
      vertex -41.75 -38 35
      vertex -41.033813 -40.204193 35
      vertex -40.786793 -40.50924 35
    endloop
  endfacet
  facet normal 0 0 1
    outer loop
      vertex -41.75 -38 35
      vertex -41.247597 -39.875 35
      vertex -41.033813 -40.204193 35
    endloop
  endfacet
  facet normal 0 0 1
    outer loop
      vertex -41.75 -38 35
      vertex -41.425797 -39.52526 35
      vertex -41.247597 -39.875 35
    endloop
  endfacet
  facet normal 0 0 1
    outer loop
      vertex -41.75 -38 35
      vertex -41.56646 -39.158813 35
      vertex -41.425797 -39.52526 35
    endloop
  endfacet
  facet normal 0 0 1
    outer loop
      vertex -41.75 -38 35
      vertex -41.668053 -38.77967 35
      vertex -41.56646 -39.158813 35
    endloop
  endfacet
  facet normal 0 0 1
    outer loop
      vertex -41.75 -38 35
      vertex -41.729458 -38.391983 35
      vertex -41.668053 -38.77967 35
    endloop
  endfacet
  facet normal -0.9986296 -0.052333884 0
    outer loop
      vertex -41.75 -38 35
      vertex -41.729458 -38.391983 4.75
      vertex -41.729458 -38.391983 35
    endloop
  endfacet
  facet normal -1 0 0
    outer loop
      vertex -41.75 -38 35
      vertex -41.75 38 35
      vertex -41.75 -4 4.75
    endloop
  endfacet
  facet normal -0.70662165 -0.037031002 -0.70662194
    outer loop
      vertex -41.75 -38 4.75
      vertex -39.6 -38 2.5999994
      vertex -41.729458 -38.391983 4.75
    endloop
  endfacet
  facet normal -0.70710665 0 -0.70710695
    outer loop
      vertex -41.75 -38 4.75
      vertex -39.6 -4 2.5999994
      vertex -39.6 -38 2.5999994
    endloop
  endfacet
  facet normal -0.9986296 -0.052333884 0
    outer loop
      vertex -41.75 -38 4.75
      vertex -41.729458 -38.391983 4.75
      vertex -41.75 -38 35
    endloop
  endfacet
  facet normal -1 0 0
    outer loop
      vertex -41.75 -38 4.75
      vertex -41.75 -38 35
      vertex -41.75 -4 4.75
    endloop
  endfacet
  facet normal -0.70710665 0 -0.70710695
    outer loop
      vertex -41.75 -38 4.75
      vertex -41.75 -4 4.75
      vertex -39.6 -4 2.5999994
    endloop
  endfacet
  facet normal -0.70662165 0.03703118 -0.70662194
    outer loop
      vertex -41.75 -4 4.75
      vertex -41.729458 -3.6080189 4.75
      vertex -39.6 -4 2.5999994
    endloop
  endfacet
  facet normal 0 0 -1
    outer loop
      vertex -41.75 -4 4.75
      vertex -41.729458 3.6080189 4.75
      vertex -41.729458 -3.6080189 4.75
    endloop
  endfacet
  facet normal -1 0 0
    outer loop
      vertex -41.75 -4 4.75
      vertex -41.75 38 35
      vertex -41.75 4 4.75
    endloop
  endfacet
  facet normal 0 0 -1
    outer loop
      vertex -41.75 -4 4.75
      vertex -41.75 4 4.75
      vertex -41.729458 3.6080189 4.75
    endloop
  endfacet
  facet normal 0 0 1
    outer loop
      vertex -41.75 38 35
      vertex -26.064724 21.635456 35
      vertex -38 41.75 35
    endloop
  endfacet
  facet normal 0 0 1
    outer loop
      vertex -41.75 38 35
      vertex -26.263123 21.49851 35
      vertex -26.064724 21.635456 35
    endloop
  endfacet
  facet normal 0 0 1
    outer loop
      vertex -41.75 38 35
      vertex -26.422983 21.318066 35
      vertex -26.263123 21.49851 35
    endloop
  endfacet
  facet normal 0 0 1
    outer loop
      vertex -41.75 38 35
      vertex -26.535015 21.104605 35
      vertex -26.422983 21.318066 35
    endloop
  endfacet
  facet normal 0 0 1
    outer loop
      vertex -41.75 38 35
      vertex -26.599998 20.75 35
      vertex -26.535015 21.104605 35
    endloop
  endfacet
  facet normal 0 0 1
    outer loop
      vertex -41.75 38 35
      vertex -31.322983 -11.481935 35
      vertex -26.599998 20.75 35
    endloop
  endfacet
  facet normal 0 0 1
    outer loop
      vertex -41.75 38 35
      vertex -31.435017 -11.6953945 35
      vertex -31.322983 -11.481935 35
    endloop
  endfacet
  facet normal 0 0 1
    outer loop
      vertex -41.75 38 35
      vertex -31.5 -12.049999 35
      vertex -31.435017 -11.6953945 35
    endloop
  endfacet
  facet normal 0 0 1
    outer loop
      vertex -41.75 38 35
      vertex -38 41.75 35
      vertex -38.391983 41.729458 35
    endloop
  endfacet
  facet normal 0 0 1
    outer loop
      vertex -41.75 38 35
      vertex -38.391983 41.729458 35
      vertex -38.77967 41.668053 35
    endloop
  endfacet
  facet normal 0 0 1
    outer loop
      vertex -41.75 38 35
      vertex -38.77967 41.668053 35
      vertex -39.158813 41.56646 35
    endloop
  endfacet
  facet normal 0 0 1
    outer loop
      vertex -41.75 38 35
      vertex -39.158813 41.56646 35
      vertex -39.52526 41.425797 35
    endloop
  endfacet
  facet normal 0 0 1
    outer loop
      vertex -41.75 38 35
      vertex -39.52526 41.425797 35
      vertex -39.875 41.247597 35
    endloop
  endfacet
  facet normal 0 0 1
    outer loop
      vertex -41.75 38 35
      vertex -39.875 41.247597 35
      vertex -40.204193 41.033813 35
    endloop
  endfacet
  facet normal 0 0 1
    outer loop
      vertex -41.75 38 35
      vertex -40.204193 41.033813 35
      vertex -40.50924 40.786793 35
    endloop
  endfacet
  facet normal 0 0 1
    outer loop
      vertex -41.75 38 35
      vertex -40.50924 40.786793 35
      vertex -40.786793 40.50924 35
    endloop
  endfacet
  facet normal 0 0 1
    outer loop
      vertex -41.75 38 35
      vertex -40.786793 40.50924 35
      vertex -41.033813 40.204193 35
    endloop
  endfacet
  facet normal 0 0 1
    outer loop
      vertex -41.75 38 35
      vertex -41.033813 40.204193 35
      vertex -41.247597 39.875 35
    endloop
  endfacet
  facet normal 0 0 1
    outer loop
      vertex -41.75 38 35
      vertex -41.247597 39.875 35
      vertex -41.425797 39.52526 35
    endloop
  endfacet
  facet normal 0 0 1
    outer loop
      vertex -41.75 38 35
      vertex -41.425797 39.52526 35
      vertex -41.56646 39.158813 35
    endloop
  endfacet
  facet normal 0 0 1
    outer loop
      vertex -41.75 38 35
      vertex -41.56646 39.158813 35
      vertex -41.668053 38.77967 35
    endloop
  endfacet
  facet normal 0 0 1
    outer loop
      vertex -41.75 38 35
      vertex -41.668053 38.77967 35
      vertex -41.729458 38.391983 35
    endloop
  endfacet
  facet normal -0.9986296 0.052333884 0
    outer loop
      vertex -41.75 38 4.75
      vertex -41.729458 38.391983 35
      vertex -41.729458 38.391983 4.75
    endloop
  endfacet
  facet normal -0.70662165 0.037031002 -0.70662194
    outer loop
      vertex -41.75 38 4.75
      vertex -41.729458 38.391983 4.75
      vertex -39.6 38 2.5999994
    endloop
  endfacet
  facet normal -0.9986296 0.052333884 0
    outer loop
      vertex -41.75 38 4.75
      vertex -41.75 38 35
      vertex -41.729458 38.391983 35
    endloop
  endfacet
  facet normal -0.70710665 0 -0.70710695
    outer loop
      vertex -41.75 4 4.75
      vertex -39.6 38 2.5999994
      vertex -39.6 4 2.5999994
    endloop
  endfacet
  facet normal -0.70662165 -0.03703118 -0.70662194
    outer loop
      vertex -41.75 4 4.75
      vertex -39.6 4 2.5999994
      vertex -41.729458 3.6080189 4.75
    endloop
  endfacet
  facet normal -1 0 0
    outer loop
      vertex -41.75 4 4.75
      vertex -41.75 38 35
      vertex -41.75 38 4.75
    endloop
  endfacet
  facet normal -0.70710665 0 -0.70710695
    outer loop
      vertex -41.75 4 4.75
      vertex -41.75 38 4.75
      vertex -39.6 38 2.5999994
    endloop
  endfacet
  facet normal -0.70710677 0 -0.70710677
    outer loop
      vertex 0.25 -38 4.75
      vertex 0.25 -4 4.75
      vertex 2.4000006 -38 2.5999994
    endloop
  endfacet
  facet normal -0.70662177 -0.037032727 -0.70662177
    outer loop
      vertex 0.25 -38 4.75
      vertex 2.4000006 -38 2.5999994
      vertex 0.2705431 -38.391983 4.75
    endloop
  endfacet
  facet normal -0.70662177 0.037032906 -0.70662177
    outer loop
      vertex 0.25 -4 4.75
      vertex 0.2705431 -3.6080189 4.75
      vertex 2.4000006 -4 2.5999994
    endloop
  endfacet
  facet normal -0.70710677 0 -0.70710677
    outer loop
      vertex 0.25 -4 4.75
      vertex 2.4000006 -4 2.5999994
      vertex 2.4000006 -38 2.5999994
    endloop
  endfacet
  facet normal -0.70662177 0.037032727 -0.70662177
    outer loop
      vertex 0.25 38 4.75
      vertex 0.2705431 38.391983 4.75
      vertex 2.4000006 38 2.5999994
    endloop
  endfacet
  facet normal -0.70710677 0 -0.70710677
    outer loop
      vertex 0.25 38 4.75
      vertex 2.4000006 38 2.5999994
      vertex 2.4000006 4 2.5999994
    endloop
  endfacet
  facet normal -0.70710677 0 -0.70710677
    outer loop
      vertex 0.25 4 4.75
      vertex 0.25 38 4.75
      vertex 2.4000006 4 2.5999994
    endloop
  endfacet
  facet normal -0.70662177 -0.037032906 -0.70662177
    outer loop
      vertex 0.25 4 4.75
      vertex 2.4000006 4 2.5999994
      vertex 0.2705431 3.6080189 4.75
    endloop
  endfacet
  facet normal -0.6992097 0.11074489 -0.706287
    outer loop
      vertex 0.2705431 -3.6080189 4.75
      vertex 0.33194733 -3.2203312 4.75
      vertex 2.4162865 -3.772297 2.5999994
    endloop
  endfacet
  facet normal -0.7049779 0.05042179 -0.70743465
    outer loop
      vertex 0.2705431 -3.6080189 4.75
      vertex 2.4162865 -3.772297 2.5999994
      vertex 2.4000006 -4 2.5999994
    endloop
  endfacet
  facet normal -0.70497787 -0.050421786 -0.70743465
    outer loop
      vertex 0.2705431 -38.391983 4.75
      vertex 2.4000006 -38 2.5999994
      vertex 2.4162865 -38.227703 2.5999994
    endloop
  endfacet
  facet normal -0.69920963 -0.110744886 -0.7062871
    outer loop
      vertex 0.2705431 -38.391983 4.75
      vertex 2.4162865 -38.227703 2.5999994
      vertex 0.33194733 -38.77967 4.75
    endloop
  endfacet
  facet normal -0.7049779 -0.05042179 -0.70743465
    outer loop
      vertex 0.2705431 3.6080189 4.75
      vertex 2.4000006 4 2.5999994
      vertex 2.4162865 3.772297 2.5999994
    endloop
  endfacet
  facet normal -0.6992097 -0.11074489 -0.706287
    outer loop
      vertex 0.2705431 3.6080189 4.75
      vertex 2.4162865 3.772297 2.5999994
      vertex 0.33194733 3.2203312 4.75
    endloop
  endfacet
  facet normal -0.69920963 0.110744886 -0.7062871
    outer loop
      vertex 0.2705431 38.391983 4.75
      vertex 0.33194733 38.77967 4.75
      vertex 2.4162865 38.227703 2.5999994
    endloop
  endfacet
  facet normal -0.70497787 0.050421786 -0.70743465
    outer loop
      vertex 0.2705431 38.391983 4.75
      vertex 2.4162865 38.227703 2.5999994
      vertex 2.4000006 38 2.5999994
    endloop
  endfacet
  facet normal -0.6837578 0.18321162 -0.70633477
    outer loop
      vertex 0.33194733 -3.2203312 4.75
      vertex 0.43353844 -2.8411865 4.75
      vertex 2.4648113 -3.5492287 2.5999994
    endloop
  endfacet
  facet normal -0.6902998 0.15016346 -0.7077691
    outer loop
      vertex 0.33194733 -3.2203312 4.75
      vertex 2.4648113 -3.5492287 2.5999994
      vertex 2.4162865 -3.772297 2.5999994
    endloop
  endfacet
  facet normal -0.69029975 -0.15016344 -0.70776916
    outer loop
      vertex 0.33194733 -38.77967 4.75
      vertex 2.4162865 -38.227703 2.5999994
      vertex 2.4648113 -38.45077 2.5999994
    endloop
  endfacet
  facet normal -0.6837575 -0.18321247 -0.7063348
    outer loop
      vertex 0.33194733 -38.77967 4.75
      vertex 2.4648113 -38.45077 2.5999994
      vertex 0.43353844 -39.158813 4.75
    endloop
  endfacet
  facet normal -0.6902998 -0.15016346 -0.7077691
    outer loop
      vertex 0.33194733 3.2203312 4.75
      vertex 2.4162865 3.772297 2.5999994
      vertex 2.4648113 3.5492287 2.5999994
    endloop
  endfacet
  facet normal -0.6837578 -0.18321162 -0.70633477
    outer loop
      vertex 0.33194733 3.2203312 4.75
      vertex 2.4648113 3.5492287 2.5999994
      vertex 0.43353844 2.8411865 4.75
    endloop
  endfacet
  facet normal -0.6837575 0.18321247 -0.7063348
    outer loop
      vertex 0.33194733 38.77967 4.75
      vertex 0.43353844 39.158813 4.75
      vertex 2.4648113 38.45077 2.5999994
    endloop
  endfacet
  facet normal -0.69029975 0.15016344 -0.70776916
    outer loop
      vertex 0.33194733 38.77967 4.75
      vertex 2.4648113 38.45077 2.5999994
      vertex 2.4162865 38.227703 2.5999994
    endloop
  endfacet
  facet normal -0.66045976 0.25352782 -0.7067648
    outer loop
      vertex 0.43353844 -2.8411865 4.75
      vertex 0.5742054 -2.4747381 4.75
      vertex 2.544589 -3.3353367 2.5999994
    endloop
  endfacet
  facet normal -0.66242546 0.24707234 -0.70721126
    outer loop
      vertex 0.43353844 -2.8411865 4.75
      vertex 2.544589 -3.3353367 2.5999994
      vertex 2.4648113 -3.5492287 2.5999994
    endloop
  endfacet
  facet normal -0.6624262 -0.2470704 -0.70721126
    outer loop
      vertex 0.43353844 -39.158813 4.75
      vertex 2.4648113 -38.45077 2.5999994
      vertex 2.544589 -38.664665 2.5999994
    endloop
  endfacet
  facet normal -0.6604597 -0.25352848 -0.7067647
    outer loop
      vertex 0.43353844 -39.158813 4.75
      vertex 2.544589 -38.664665 2.5999994
      vertex 0.5742054 -39.52526 4.75
    endloop
  endfacet
  facet normal -0.66242546 -0.24707234 -0.70721126
    outer loop
      vertex 0.43353844 2.8411865 4.75
      vertex 2.4648113 3.5492287 2.5999994
      vertex 2.544589 3.3353367 2.5999994
    endloop
  endfacet
  facet normal -0.66045976 -0.25352782 -0.7067648
    outer loop
      vertex 0.43353844 2.8411865 4.75
      vertex 2.544589 3.3353367 2.5999994
      vertex 0.5742054 2.4747381 4.75
    endloop
  endfacet
  facet normal -0.6604597 0.25352848 -0.7067647
    outer loop
      vertex 0.43353844 39.158813 4.75
      vertex 0.5742054 39.52526 4.75
      vertex 2.544589 38.664665 2.5999994
    endloop
  endfacet
  facet normal -0.6624262 0.2470704 -0.70721126
    outer loop
      vertex 0.43353844 39.158813 4.75
      vertex 2.544589 38.664665 2.5999994
      vertex 2.4648113 38.45077 2.5999994
    endloop
  endfacet
  facet normal -0.6305752 0.3212937 -0.70650214
    outer loop
      vertex 0.5742054 -2.4747381 4.75
      vertex 0.75240517 -2.125001 4.75
      vertex 2.544589 -3.3353367 2.5999994
    endloop
  endfacet
  facet normal -0.6305761 -0.3212924 -0.70650196
    outer loop
      vertex 0.5742054 -39.52526 4.75
      vertex 2.544589 -38.664665 2.5999994
      vertex 0.75240517 -39.875 4.75
    endloop
  endfacet
  facet normal -0.63057554 -0.32129303 -0.70650214
    outer loop
      vertex 0.5742054 2.4747381 4.75
      vertex 2.544589 3.3353367 2.5999994
      vertex 0.75240517 2.125 4.75
    endloop
  endfacet
  facet normal -0.6305761 0.3212924 -0.70650196
    outer loop
      vertex 0.5742054 39.52526 4.75
      vertex 0.75240517 39.875 4.75
      vertex 2.544589 38.664665 2.5999994
    endloop
  endfacet
  facet normal -0.59373677 0.38557646 -0.706263
    outer loop
      vertex 0.75240517 -2.125001 4.75
      vertex 0.9661865 -1.7958059 4.75
      vertex 2.6539946 -3.1349754 2.5999994
    endloop
  endfacet
  facet normal -0.620178 0.33864278 -0.70760185
    outer loop
      vertex 0.75240517 -2.125001 4.75
      vertex 2.6539946 -3.1349754 2.5999994
      vertex 2.544589 -3.3353367 2.5999994
    endloop
  endfacet
  facet normal -0.62017655 -0.33864522 -0.7076019
    outer loop
      vertex 0.75240517 -39.875 4.75
      vertex 2.544589 -38.664665 2.5999994
      vertex 2.6539946 -38.865025 2.5999994
    endloop
  endfacet
  facet normal -0.59373575 -0.38557804 -0.706263
    outer loop
      vertex 0.75240517 -39.875 4.75
      vertex 2.6539946 -38.865025 2.5999994
      vertex 0.9661865 -40.204193 4.75
    endloop
  endfacet
  facet normal -0.62017787 -0.33864275 -0.7076019
    outer loop
      vertex 0.75240517 2.125 4.75
      vertex 2.544589 3.3353367 2.5999994
      vertex 2.6539946 3.1349754 2.5999994
    endloop
  endfacet
  facet normal -0.59373623 -0.38557723 -0.70626307
    outer loop
      vertex 0.75240517 2.125 4.75
      vertex 2.6539946 3.1349754 2.5999994
      vertex 0.9661865 1.7958059 4.75
    endloop
  endfacet
  facet normal -0.59373575 0.38557804 -0.706263
    outer loop
      vertex 0.75240517 39.875 4.75
      vertex 0.9661865 40.204193 4.75
      vertex 2.6539946 38.865025 2.5999994
    endloop
  endfacet
  facet normal -0.62017655 0.33864522 -0.7076019
    outer loop
      vertex 0.75240517 39.875 4.75
      vertex 2.6539946 38.865025 2.5999994
      vertex 2.544589 38.664665 2.5999994
    endloop
  endfacet
  facet normal -0.55006874 0.44543695 -0.7064066
    outer loop
      vertex 0.9661865 -1.7958059 4.75
      vertex 1.2132072 -1.4907608 4.75
      vertex 2.790801 -2.9522238 2.5999994
    endloop
  endfacet
  facet normal -0.5655816 0.42339006 -0.7077134
    outer loop
      vertex 0.9661865 -1.7958059 4.75
      vertex 2.790801 -2.9522238 2.5999994
      vertex 2.6539946 -3.1349754 2.5999994
    endloop
  endfacet
  facet normal -0.5655806 -0.42339152 -0.70771337
    outer loop
      vertex 0.9661865 -40.204193 4.75
      vertex 2.6539946 -38.865025 2.5999994
      vertex 2.790801 -39.047775 2.5999994
    endloop
  endfacet
  facet normal -0.55006933 -0.4454361 -0.70640665
    outer loop
      vertex 0.9661865 -40.204193 4.75
      vertex 2.790801 -39.047775 2.5999994
      vertex 1.2132072 -40.50924 4.75
    endloop
  endfacet
  facet normal -0.5655816 -0.42339006 -0.7077134
    outer loop
      vertex 0.9661865 1.7958059 4.75
      vertex 2.6539946 3.1349754 2.5999994
      vertex 2.790801 2.9522238 2.5999994
    endloop
  endfacet
  facet normal -0.55006874 -0.44543695 -0.7064066
    outer loop
      vertex 0.9661865 1.7958059 4.75
      vertex 2.790801 2.9522238 2.5999994
      vertex 1.2132072 1.4907608 4.75
    endloop
  endfacet
  facet normal -0.55006933 0.4454361 -0.70640665
    outer loop
      vertex 0.9661865 40.204193 4.75
      vertex 1.2132072 40.50924 4.75
      vertex 2.790801 39.047775 2.5999994
    endloop
  endfacet
  facet normal -0.5655806 0.42339152 -0.70771337
    outer loop
      vertex 0.9661865 40.204193 4.75
      vertex 2.790801 39.047775 2.5999994
      vertex 2.6539946 38.865025 2.5999994
    endloop
  endfacet
  facet normal 0 0 -1
    outer loop
      vertex 1.2132072 -1.4907608 4.75
      vertex 1.2132072 1.4907608 4.75
      vertex 1.4907608 1.2132072 4.75
    endloop
  endfacet
  facet normal -0.5001236 0.5001236 -0.70693195
    outer loop
      vertex 1.2132072 -1.4907608 4.75
      vertex 1.4907608 -1.2132072 4.75
      vertex 2.790801 -2.9522238 2.5999994
    endloop
  endfacet
  facet normal 0 0 -1
    outer loop
      vertex 1.2132072 -1.4907608 4.75
      vertex 1.4907608 1.2132072 4.75
      vertex 1.4907608 -1.2132072 4.75
    endloop
  endfacet
  facet normal -0.50012356 -0.50012356 -0.706932
    outer loop
      vertex 1.2132072 -40.50924 4.75
      vertex 2.790801 -39.047775 2.5999994
      vertex 1.4907608 -40.786793 4.75
    endloop
  endfacet
  facet normal -0.5001236 -0.5001236 -0.70693195
    outer loop
      vertex 1.2132072 1.4907608 4.75
      vertex 2.790801 2.9522238 2.5999994
      vertex 1.4907608 1.2132072 4.75
    endloop
  endfacet
  facet normal -0.50012356 0.50012356 -0.706932
    outer loop
      vertex 1.2132072 40.50924 4.75
      vertex 1.4907608 40.786793 4.75
      vertex 2.790801 39.047775 2.5999994
    endloop
  endfacet
  facet normal 0 0 -1
    outer loop
      vertex 1.4907608 -1.2132072 4.75
      vertex 1.4907608 1.2132072 4.75
      vertex 1.7958059 0.9661865 4.75
    endloop
  endfacet
  facet normal -0.44543695 0.55006874 -0.7064066
    outer loop
      vertex 1.4907608 -1.2132072 4.75
      vertex 1.7958059 -0.9661865 4.75
      vertex 2.9522238 -2.790801 2.5999994
    endloop
  endfacet
  facet normal 0 0 -1
    outer loop
      vertex 1.4907608 -1.2132072 4.75
      vertex 1.7958059 0.9661865 4.75
      vertex 1.7958059 -0.9661865 4.75
    endloop
  endfacet
  facet normal -0.5001236 0.5001236 -0.70693195
    outer loop
      vertex 1.4907608 -1.2132072 4.75
      vertex 2.9522238 -2.790801 2.5999994
      vertex 2.790801 -2.9522238 2.5999994
    endloop
  endfacet
  facet normal -0.50012356 -0.50012356 -0.706932
    outer loop
      vertex 1.4907608 -40.786793 4.75
      vertex 2.790801 -39.047775 2.5999994
      vertex 2.9522238 -39.209198 2.5999994
    endloop
  endfacet
  facet normal -0.4454369 -0.5500686 -0.7064067
    outer loop
      vertex 1.4907608 -40.786793 4.75
      vertex 2.9522238 -39.209198 2.5999994
      vertex 1.7958059 -41.033813 4.75
    endloop
  endfacet
  facet normal -0.5001236 -0.5001236 -0.70693195
    outer loop
      vertex 1.4907608 1.2132072 4.75
      vertex 2.790801 2.9522238 2.5999994
      vertex 2.9522238 2.790801 2.5999994
    endloop
  endfacet
  facet normal -0.44543695 -0.55006874 -0.7064066
    outer loop
      vertex 1.4907608 1.2132072 4.75
      vertex 2.9522238 2.790801 2.5999994
      vertex 1.7958059 0.9661865 4.75
    endloop
  endfacet
  facet normal -0.4454369 0.5500686 -0.7064067
    outer loop
      vertex 1.4907608 40.786793 4.75
      vertex 1.7958059 41.033813 4.75
      vertex 2.9522238 39.209198 2.5999994
    endloop
  endfacet
  facet normal -0.50012356 0.50012356 -0.706932
    outer loop
      vertex 1.4907608 40.786793 4.75
      vertex 2.9522238 39.209198 2.5999994
      vertex 2.790801 39.047775 2.5999994
    endloop
  endfacet
  facet normal 0 0 -1
    outer loop
      vertex 1.7958059 -0.9661865 4.75
      vertex 1.7958059 0.9661865 4.75
      vertex 2.125001 0.75240517 4.75
    endloop
  endfacet
  facet normal -0.38557723 0.59373623 -0.70626307
    outer loop
      vertex 1.7958059 -0.9661865 4.75
      vertex 2.125 -0.75240517 4.75
      vertex 3.1349754 -2.6539946 2.5999994
    endloop
  endfacet
  facet normal 0 0 -1
    outer loop
      vertex 1.7958059 -0.9661865 4.75
      vertex 2.125001 0.75240517 4.75
      vertex 2.125 -0.75240517 4.75
    endloop
  endfacet
  facet normal -0.42339006 0.5655816 -0.7077134
    outer loop
      vertex 1.7958059 -0.9661865 4.75
      vertex 3.1349754 -2.6539946 2.5999994
      vertex 2.9522238 -2.790801 2.5999994
    endloop
  endfacet
  facet normal -0.42339 -0.5655815 -0.70771354
    outer loop
      vertex 1.7958059 -41.033813 4.75
      vertex 2.9522238 -39.209198 2.5999994
      vertex 3.1349754 -39.346004 2.5999994
    endloop
  endfacet
  facet normal -0.38557872 -0.593735 -0.7062633
    outer loop
      vertex 1.7958059 -41.033813 4.75
      vertex 3.1349754 -39.346004 2.5999994
      vertex 2.125001 -41.247597 4.75
    endloop
  endfacet
  facet normal -0.42339006 -0.5655816 -0.7077134
    outer loop
      vertex 1.7958059 0.9661865 4.75
      vertex 2.9522238 2.790801 2.5999994
      vertex 3.1349754 2.6539946 2.5999994
    endloop
  endfacet
  facet normal -0.38557646 -0.59373677 -0.706263
    outer loop
      vertex 1.7958059 0.9661865 4.75
      vertex 3.1349754 2.6539946 2.5999994
      vertex 2.125001 0.75240517 4.75
    endloop
  endfacet
  facet normal -0.3855795 0.59373444 -0.70626336
    outer loop
      vertex 1.7958059 41.033813 4.75
      vertex 2.125 41.247597 4.75
      vertex 3.1349754 39.346004 2.5999994
    endloop
  endfacet
  facet normal -0.42339 0.5655815 -0.70771354
    outer loop
      vertex 1.7958059 41.033813 4.75
      vertex 3.1349754 39.346004 2.5999994
      vertex 2.9522238 39.209198 2.5999994
    endloop
  endfacet
  facet normal 0 0 -1
    outer loop
      vertex 2.125 -0.75240517 4.75
      vertex 2.125001 0.75240517 4.75
      vertex 2.4747381 -0.5742054 4.75
    endloop
  endfacet
  facet normal -0.32129303 0.63057554 -0.70650214
    outer loop
      vertex 2.125 -0.75240517 4.75
      vertex 2.4747381 -0.5742054 4.75
      vertex 3.3353367 -2.544589 2.5999994
    endloop
  endfacet
  facet normal -0.33864275 0.62017787 -0.7076019
    outer loop
      vertex 2.125 -0.75240517 4.75
      vertex 3.3353367 -2.544589 2.5999994
      vertex 3.1349754 -2.6539946 2.5999994
    endloop
  endfacet
  facet normal -0.32129282 0.6305752 -0.70650256
    outer loop
      vertex 2.125 41.247597 4.75
      vertex 2.4747381 41.425797 4.75
      vertex 3.3353367 39.45541 2.5999994
    endloop
  endfacet
  facet normal -0.33864254 0.6201775 -0.7076023
    outer loop
      vertex 2.125 41.247597 4.75
      vertex 3.3353367 39.45541 2.5999994
      vertex 3.1349754 39.346004 2.5999994
    endloop
  endfacet
  facet normal -0.33864257 -0.62017757 -0.70760226
    outer loop
      vertex 2.125001 -41.247597 4.75
      vertex 3.1349754 -39.346004 2.5999994
      vertex 3.3353367 -39.45541 2.5999994
    endloop
  endfacet
  facet normal -0.32129353 -0.6305748 -0.70650256
    outer loop
      vertex 2.125001 -41.247597 4.75
      vertex 3.3353367 -39.45541 2.5999994
      vertex 2.4747381 -41.425797 4.75
    endloop
  endfacet
  facet normal 0 0 -1
    outer loop
      vertex 2.125001 0.75240517 4.75
      vertex 2.4747381 0.5742054 4.75
      vertex 2.4747381 -0.5742054 4.75
    endloop
  endfacet
  facet normal -0.33864278 -0.620178 -0.70760185
    outer loop
      vertex 2.125001 0.75240517 4.75
      vertex 3.1349754 2.6539946 2.5999994
      vertex 3.3353367 2.544589 2.5999994
    endloop
  endfacet
  facet normal -0.3212937 -0.6305752 -0.70650214
    outer loop
      vertex 2.125001 0.75240517 4.75
      vertex 3.3353367 2.544589 2.5999994
      vertex 2.4747381 0.5742054 4.75
    endloop
  endfacet
  facet normal -1 0 0
    outer loop
      vertex 2.4000006 -38 0.79999924
      vertex 2.4000006 -38 2.5999994
      vertex 2.4000006 -4 2.5999994
    endloop
  endfacet
  facet normal -0.70710635 0 -0.7071072
    outer loop
      vertex 2.4000006 -38 0.79999924
      vertex 2.4000006 -4 0.79999924
      vertex 3.2000008 -4 0
    endloop
  endfacet
  facet normal -1 0 0
    outer loop
      vertex 2.4000006 -38 0.79999924
      vertex 2.4000006 -4 2.5999994
      vertex 2.4000006 -4 0.79999924
    endloop
  endfacet
  facet normal -0.997452 -0.07134027 0
    outer loop
      vertex 2.4000006 -38 0.79999924
      vertex 2.4162865 -38.227703 0.79999924
      vertex 2.4000006 -38 2.5999994
    endloop
  endfacet
  facet normal -0.7062038 -0.050509468 -0.70620465
    outer loop
      vertex 2.4000006 -38 0.79999924
      vertex 3.2000008 -38 0
      vertex 2.4162865 -38.227703 0.79999924
    endloop
  endfacet
  facet normal -0.70710635 0 -0.7071072
    outer loop
      vertex 2.4000006 -38 0.79999924
      vertex 3.2000008 -4 0
      vertex 3.2000008 -38 0
    endloop
  endfacet
  facet normal -0.997452 -0.07134027 0
    outer loop
      vertex 2.4000006 -38 2.5999994
      vertex 2.4162865 -38.227703 0.79999924
      vertex 2.4162865 -38.227703 2.5999994
    endloop
  endfacet
  facet normal -0.997452 0.07134027 0
    outer loop
      vertex 2.4000006 -4 0.79999924
      vertex 2.4000006 -4 2.5999994
      vertex 2.4162865 -3.772297 2.5999994
    endloop
  endfacet
  facet normal -0.7062038 0.050509468 -0.70620465
    outer loop
      vertex 2.4000006 -4 0.79999924
      vertex 2.4162865 -3.772297 0.79999924
      vertex 3.2000008 -4 0
    endloop
  endfacet
  facet normal -0.997452 0.07134027 0
    outer loop
      vertex 2.4000006 -4 0.79999924
      vertex 2.4162865 -3.772297 2.5999994
      vertex 2.4162865 -3.772297 0.79999924
    endloop
  endfacet
  facet normal -0.997452 0.07134027 0
    outer loop
      vertex 2.4000006 38 0.79999924
      vertex 2.4000006 38 2.5999994
      vertex 2.4162865 38.227703 2.5999994
    endloop
  endfacet
  facet normal -0.7062038 0.050509468 -0.70620465
    outer loop
      vertex 2.4000006 38 0.79999924
      vertex 2.4162865 38.227703 0.79999924
      vertex 3.2000008 38 0
    endloop
  endfacet
  facet normal -0.997452 0.07134027 0
    outer loop
      vertex 2.4000006 38 0.79999924
      vertex 2.4162865 38.227703 2.5999994
      vertex 2.4162865 38.227703 0.79999924
    endloop
  endfacet
  facet normal -0.70710635 0 -0.7071072
    outer loop
      vertex 2.4000006 4 0.79999924
      vertex 2.4000006 38 0.79999924
      vertex 3.2000008 38 0
    endloop
  endfacet
  facet normal -1 0 0
    outer loop
      vertex 2.4000006 4 0.79999924
      vertex 2.4000006 38 2.5999994
      vertex 2.4000006 38 0.79999924
    endloop
  endfacet
  facet normal -1 0 0
    outer loop
      vertex 2.4000006 4 0.79999924
      vertex 2.4000006 4 2.5999994
      vertex 2.4000006 38 2.5999994
    endloop
  endfacet
  facet normal -0.997452 -0.07134027 0
    outer loop
      vertex 2.4000006 4 0.79999924
      vertex 2.4162865 3.772297 0.79999924
      vertex 2.4000006 4 2.5999994
    endloop
  endfacet
  facet normal -0.70710635 0 -0.7071072
    outer loop
      vertex 2.4000006 4 0.79999924
      vertex 3.2000008 38 0
      vertex 3.2000008 4 0
    endloop
  endfacet
  facet normal -0.7062038 -0.050509468 -0.70620465
    outer loop
      vertex 2.4000006 4 0.79999924
      vertex 3.2000008 4 0
      vertex 2.4162865 3.772297 0.79999924
    endloop
  endfacet
  facet normal -0.997452 -0.07134027 0
    outer loop
      vertex 2.4000006 4 2.5999994
      vertex 2.4162865 3.772297 0.79999924
      vertex 2.4162865 3.772297 2.5999994
    endloop
  endfacet
  facet normal -0.97714746 0.2125625 0
    outer loop
      vertex 2.4162865 -3.772297 0.79999924
      vertex 2.4162865 -3.772297 2.5999994
      vertex 2.4648113 -3.5492287 2.5999994
    endloop
  endfacet
  facet normal -0.69231784 0.15060246 -0.7057017
    outer loop
      vertex 2.4162865 -3.772297 0.79999924
      vertex 2.4648113 -3.5492287 0.79999924
      vertex 3.2272596 -3.792945 0
    endloop
  endfacet
  facet normal -0.97714746 0.2125625 0
    outer loop
      vertex 2.4162865 -3.772297 0.79999924
      vertex 2.4648113 -3.5492287 2.5999994
      vertex 2.4648113 -3.5492287 0.79999924
    endloop
  endfacet
  facet normal -0.69811445 0.091907 -0.7100629
    outer loop
      vertex 2.4162865 -3.772297 0.79999924
      vertex 3.2272596 -3.792945 0
      vertex 3.2000008 -4 0
    endloop
  endfacet
  facet normal -0.97714746 -0.2125625 0
    outer loop
      vertex 2.4162865 -38.227703 0.79999924
      vertex 2.4648113 -38.45077 0.79999924
      vertex 2.4162865 -38.227703 2.5999994
    endloop
  endfacet
  facet normal -0.69811434 -0.09190741 -0.7100629
    outer loop
      vertex 2.4162865 -38.227703 0.79999924
      vertex 3.2000008 -38 0
      vertex 3.2272596 -38.207054 0
    endloop
  endfacet
  facet normal -0.6923177 -0.15060243 -0.7057018
    outer loop
      vertex 2.4162865 -38.227703 0.79999924
      vertex 3.2272596 -38.207054 0
      vertex 2.4648113 -38.45077 0.79999924
    endloop
  endfacet
  facet normal -0.97714746 -0.2125625 0
    outer loop
      vertex 2.4162865 -38.227703 2.5999994
      vertex 2.4648113 -38.45077 0.79999924
      vertex 2.4648113 -38.45077 2.5999994
    endloop
  endfacet
  facet normal -0.97714746 -0.2125625 0
    outer loop
      vertex 2.4162865 3.772297 0.79999924
      vertex 2.4648113 3.5492287 0.79999924
      vertex 2.4162865 3.772297 2.5999994
    endloop
  endfacet
  facet normal -0.69811445 -0.091907 -0.7100629
    outer loop
      vertex 2.4162865 3.772297 0.79999924
      vertex 3.2000008 4 0
      vertex 3.2272596 3.792945 0
    endloop
  endfacet
  facet normal -0.69231784 -0.15060246 -0.7057017
    outer loop
      vertex 2.4162865 3.772297 0.79999924
      vertex 3.2272596 3.792945 0
      vertex 2.4648113 3.5492287 0.79999924
    endloop
  endfacet
  facet normal -0.97714746 -0.2125625 0
    outer loop
      vertex 2.4162865 3.772297 2.5999994
      vertex 2.4648113 3.5492287 0.79999924
      vertex 2.4648113 3.5492287 2.5999994
    endloop
  endfacet
  facet normal -0.97714746 0.2125625 0
    outer loop
      vertex 2.4162865 38.227703 0.79999924
      vertex 2.4162865 38.227703 2.5999994
      vertex 2.4648113 38.45077 2.5999994
    endloop
  endfacet
  facet normal -0.6923177 0.15060243 -0.7057018
    outer loop
      vertex 2.4162865 38.227703 0.79999924
      vertex 2.4648113 38.45077 0.79999924
      vertex 3.2272596 38.207054 0
    endloop
  endfacet
  facet normal -0.97714746 0.2125625 0
    outer loop
      vertex 2.4162865 38.227703 0.79999924
      vertex 2.4648113 38.45077 2.5999994
      vertex 2.4648113 38.45077 0.79999924
    endloop
  endfacet
  facet normal -0.69811434 0.09190741 -0.7100629
    outer loop
      vertex 2.4162865 38.227703 0.79999924
      vertex 3.2272596 38.207054 0
      vertex 3.2000008 38 0
    endloop
  endfacet
  facet normal -0.93694955 0.34946468 0
    outer loop
      vertex 2.4648113 -3.5492287 0.79999924
      vertex 2.4648113 -3.5492287 2.5999994
      vertex 2.544589 -3.3353367 2.5999994
    endloop
  endfacet
  facet normal -0.66271114 0.2471789 -0.7069063
    outer loop
      vertex 2.4648113 -3.5492287 0.79999924
      vertex 2.544589 -3.3353367 0.79999924
      vertex 3.2272596 -3.792945 0
    endloop
  endfacet
  facet normal -0.93694955 0.34946468 0
    outer loop
      vertex 2.4648113 -3.5492287 0.79999924
      vertex 2.544589 -3.3353367 2.5999994
      vertex 2.544589 -3.3353367 0.79999924
    endloop
  endfacet
  facet normal -0.93695056 -0.34946194 0
    outer loop
      vertex 2.4648113 -38.45077 0.79999924
      vertex 2.544589 -38.664665 0.79999924
      vertex 2.4648113 -38.45077 2.5999994
    endloop
  endfacet
  facet normal -0.6627117 -0.24717689 -0.7069065
    outer loop
      vertex 2.4648113 -38.45077 0.79999924
      vertex 3.2272596 -38.207054 0
      vertex 2.544589 -38.664665 0.79999924
    endloop
  endfacet
  facet normal -0.93695056 -0.34946194 0
    outer loop
      vertex 2.4648113 -38.45077 2.5999994
      vertex 2.544589 -38.664665 0.79999924
      vertex 2.544589 -38.664665 2.5999994
    endloop
  endfacet
  facet normal -0.93694955 -0.34946468 0
    outer loop
      vertex 2.4648113 3.5492287 0.79999924
      vertex 2.544589 3.3353367 0.79999924
      vertex 2.4648113 3.5492287 2.5999994
    endloop
  endfacet
  facet normal -0.66271114 -0.2471789 -0.7069063
    outer loop
      vertex 2.4648113 3.5492287 0.79999924
      vertex 3.2272596 3.792945 0
      vertex 2.544589 3.3353367 0.79999924
    endloop
  endfacet
  facet normal -0.93694955 -0.34946468 0
    outer loop
      vertex 2.4648113 3.5492287 2.5999994
      vertex 2.544589 3.3353367 0.79999924
      vertex 2.544589 3.3353367 2.5999994
    endloop
  endfacet
  facet normal -0.93695056 0.34946194 0
    outer loop
      vertex 2.4648113 38.45077 0.79999924
      vertex 2.4648113 38.45077 2.5999994
      vertex 2.544589 38.664665 2.5999994
    endloop
  endfacet
  facet normal -0.6627117 0.24717689 -0.7069065
    outer loop
      vertex 2.4648113 38.45077 0.79999924
      vertex 2.544589 38.664665 0.79999924
      vertex 3.2272596 38.207054 0
    endloop
  endfacet
  facet normal -0.93695056 0.34946194 0
    outer loop
      vertex 2.4648113 38.45077 0.79999924
      vertex 2.544589 38.664665 2.5999994
      vertex 2.544589 38.664665 0.79999924
    endloop
  endfacet
  facet normal 0 0 -1
    outer loop
      vertex 2.4747381 -0.5742054 4.75
      vertex 2.4747381 0.5742054 4.75
      vertex 2.8411865 0.43353844 4.75
    endloop
  endfacet
  facet normal -0.25352782 0.66045976 -0.7067648
    outer loop
      vertex 2.4747381 -0.5742054 4.75
      vertex 2.8411865 -0.43353844 4.75
      vertex 3.3353367 -2.544589 2.5999994
    endloop
  endfacet
  facet normal 0 0 -1
    outer loop
      vertex 2.4747381 -0.5742054 4.75
      vertex 2.8411865 0.43353844 4.75
      vertex 2.8411865 -0.43353844 4.75
    endloop
  endfacet
  facet normal -0.25352174 -0.6604618 -0.7067651
    outer loop
      vertex 2.4747381 -41.425797 4.75
      vertex 3.3353367 -39.45541 2.5999994
      vertex 2.8411865 -41.56646 4.75
    endloop
  endfacet
  facet normal -0.25352782 -0.66045976 -0.7067648
    outer loop
      vertex 2.4747381 0.5742054 4.75
      vertex 3.3353367 2.544589 2.5999994
      vertex 2.8411865 0.43353844 4.75
    endloop
  endfacet
  facet normal -0.25352174 0.6604618 -0.7067651
    outer loop
      vertex 2.4747381 41.425797 4.75
      vertex 2.8411865 41.56646 4.75
      vertex 3.3353367 39.45541 2.5999994
    endloop
  endfacet
  facet normal -0.877679 0.47924897 0
    outer loop
      vertex 2.544589 -3.3353367 0.79999924
      vertex 2.544589 -3.3353367 2.5999994
      vertex 2.6539946 -3.1349754 2.5999994
    endloop
  endfacet
  facet normal -0.6221075 0.3396964 -0.7053996
    outer loop
      vertex 2.544589 -3.3353367 0.79999924
      vertex 2.6539946 -3.1349754 0.79999924
      vertex 3.3071804 -3.6000004 0
    endloop
  endfacet
  facet normal -0.877679 0.47924897 0
    outer loop
      vertex 2.544589 -3.3353367 0.79999924
      vertex 2.6539946 -3.1349754 2.5999994
      vertex 2.6539946 -3.1349754 0.79999924
    endloop
  endfacet
  facet normal -0.65090656 0.26961613 -0.7096674
    outer loop
      vertex 2.544589 -3.3353367 0.79999924
      vertex 3.3071804 -3.6000004 0
      vertex 3.2272596 -3.792945 0
    endloop
  endfacet
  facet normal -0.8776771 -0.4792525 0
    outer loop
      vertex 2.544589 -38.664665 0.79999924
      vertex 2.6539946 -38.865025 0.79999924
      vertex 2.544589 -38.664665 2.5999994
    endloop
  endfacet
  facet normal -0.6509079 -0.26961267 -0.70966744
    outer loop
      vertex 2.544589 -38.664665 0.79999924
      vertex 3.2272596 -38.207054 0
      vertex 3.3071804 -38.4 0
    endloop
  endfacet
  facet normal -0.6221064 -0.339699 -0.70539933
    outer loop
      vertex 2.544589 -38.664665 0.79999924
      vertex 3.3071804 -38.4 0
      vertex 2.6539946 -38.865025 0.79999924
    endloop
  endfacet
  facet normal -0.8776771 -0.4792525 0
    outer loop
      vertex 2.544589 -38.664665 2.5999994
      vertex 2.6539946 -38.865025 0.79999924
      vertex 2.6539946 -38.865025 2.5999994
    endloop
  endfacet
  facet normal -0.877679 -0.47924897 0
    outer loop
      vertex 2.544589 3.3353367 0.79999924
      vertex 2.6539946 3.1349754 0.79999924
      vertex 2.544589 3.3353367 2.5999994
    endloop
  endfacet
  facet normal -0.65090656 -0.26961613 -0.7096674
    outer loop
      vertex 2.544589 3.3353367 0.79999924
      vertex 3.2272596 3.792945 0
      vertex 3.3071804 3.6000004 0
    endloop
  endfacet
  facet normal -0.6221075 -0.3396964 -0.7053996
    outer loop
      vertex 2.544589 3.3353367 0.79999924
      vertex 3.3071804 3.6000004 0
      vertex 2.6539946 3.1349754 0.79999924
    endloop
  endfacet
  facet normal -0.877679 -0.47924897 0
    outer loop
      vertex 2.544589 3.3353367 2.5999994
      vertex 2.6539946 3.1349754 0.79999924
      vertex 2.6539946 3.1349754 2.5999994
    endloop
  endfacet
  facet normal -0.8776771 0.4792525 0
    outer loop
      vertex 2.544589 38.664665 0.79999924
      vertex 2.544589 38.664665 2.5999994
      vertex 2.6539946 38.865025 2.5999994
    endloop
  endfacet
  facet normal -0.6221064 0.339699 -0.70539933
    outer loop
      vertex 2.544589 38.664665 0.79999924
      vertex 2.6539946 38.865025 0.79999924
      vertex 3.3071804 38.4 0
    endloop
  endfacet
  facet normal -0.8776771 0.4792525 0
    outer loop
      vertex 2.544589 38.664665 0.79999924
      vertex 2.6539946 38.865025 2.5999994
      vertex 2.6539946 38.865025 0.79999924
    endloop
  endfacet
  facet normal -0.6509079 0.26961267 -0.70966744
    outer loop
      vertex 2.544589 38.664665 0.79999924
      vertex 3.3071804 38.4 0
      vertex 3.2272596 38.207054 0
    endloop
  endfacet
  facet normal -0.80054057 0.59927857 0
    outer loop
      vertex 2.6539946 -3.1349754 0.79999924
      vertex 2.6539946 -3.1349754 2.5999994
      vertex 2.790801 -2.9522238 2.5999994
    endloop
  endfacet
  facet normal -0.56550825 0.42333513 -0.7078049
    outer loop
      vertex 2.6539946 -3.1349754 0.79999924
      vertex 2.790801 -2.9522238 0.79999924
      vertex 3.3071804 -3.6000004 0
    endloop
  endfacet
  facet normal -0.80054057 0.59927857 0
    outer loop
      vertex 2.6539946 -3.1349754 0.79999924
      vertex 2.790801 -2.9522238 2.5999994
      vertex 2.790801 -2.9522238 0.79999924
    endloop
  endfacet
  facet normal -0.8005391 -0.59928054 0
    outer loop
      vertex 2.6539946 -38.865025 0.79999924
      vertex 2.790801 -39.047775 0.79999924
      vertex 2.6539946 -38.865025 2.5999994
    endloop
  endfacet
  facet normal -0.5655076 -0.42333686 -0.7078044
    outer loop
      vertex 2.6539946 -38.865025 0.79999924
      vertex 3.3071804 -38.4 0
      vertex 2.790801 -39.047775 0.79999924
    endloop
  endfacet
  facet normal -0.8005391 -0.59928054 0
    outer loop
      vertex 2.6539946 -38.865025 2.5999994
      vertex 2.790801 -39.047775 0.79999924
      vertex 2.790801 -39.047775 2.5999994
    endloop
  endfacet
  facet normal -0.80054057 -0.59927857 0
    outer loop
      vertex 2.6539946 3.1349754 0.79999924
      vertex 2.790801 2.9522238 0.79999924
      vertex 2.6539946 3.1349754 2.5999994
    endloop
  endfacet
  facet normal -0.56550825 -0.42333513 -0.7078049
    outer loop
      vertex 2.6539946 3.1349754 0.79999924
      vertex 3.3071804 3.6000004 0
      vertex 2.790801 2.9522238 0.79999924
    endloop
  endfacet
  facet normal -0.80054057 -0.59927857 0
    outer loop
      vertex 2.6539946 3.1349754 2.5999994
      vertex 2.790801 2.9522238 0.79999924
      vertex 2.790801 2.9522238 2.5999994
    endloop
  endfacet
  facet normal -0.8005391 0.59928054 0
    outer loop
      vertex 2.6539946 38.865025 0.79999924
      vertex 2.6539946 38.865025 2.5999994
      vertex 2.790801 39.047775 2.5999994
    endloop
  endfacet
  facet normal -0.5655076 0.42333686 -0.7078044
    outer loop
      vertex 2.6539946 38.865025 0.79999924
      vertex 2.790801 39.047775 0.79999924
      vertex 3.3071804 38.4 0
    endloop
  endfacet
  facet normal -0.8005391 0.59928054 0
    outer loop
      vertex 2.6539946 38.865025 0.79999924
      vertex 2.790801 39.047775 2.5999994
      vertex 2.790801 39.047775 0.79999924
    endloop
  endfacet
  facet normal -0.70710677 0.70710677 0
    outer loop
      vertex 2.790801 -2.9522238 0.79999924
      vertex 2.790801 -2.9522238 2.5999994
      vertex 2.9522238 -2.790801 2.5999994
    endloop
  endfacet
  facet normal -0.50127554 0.50127554 -0.70529824
    outer loop
      vertex 2.790801 -2.9522238 0.79999924
      vertex 2.9522238 -2.790801 0.79999924
      vertex 3.4343147 -3.4343147 0
    endloop
  endfacet
  facet normal -0.70710677 0.70710677 0
    outer loop
      vertex 2.790801 -2.9522238 0.79999924
      vertex 2.9522238 -2.790801 2.5999994
      vertex 2.9522238 -2.790801 0.79999924
    endloop
  endfacet
  facet normal -0.5595815 0.4293795 -0.70887357
    outer loop
      vertex 2.790801 -2.9522238 0.79999924
      vertex 3.4343147 -3.4343147 0
      vertex 3.3071804 -3.6000004 0
    endloop
  endfacet
  facet normal -0.70710677 -0.70710677 0
    outer loop
      vertex 2.790801 -39.047775 0.79999924
      vertex 2.9522238 -39.209198 0.79999924
      vertex 2.790801 -39.047775 2.5999994
    endloop
  endfacet
  facet normal -0.5595794 -0.42938277 -0.70887333
    outer loop
      vertex 2.790801 -39.047775 0.79999924
      vertex 3.3071804 -38.4 0
      vertex 3.4343147 -38.565685 0
    endloop
  endfacet
  facet normal -0.5012758 -0.5012758 -0.70529795
    outer loop
      vertex 2.790801 -39.047775 0.79999924
      vertex 3.4343147 -38.565685 0
      vertex 2.9522238 -39.209198 0.79999924
    endloop
  endfacet
  facet normal -0.70710677 -0.70710677 0
    outer loop
      vertex 2.790801 -39.047775 2.5999994
      vertex 2.9522238 -39.209198 0.79999924
      vertex 2.9522238 -39.209198 2.5999994
    endloop
  endfacet
  facet normal -0.70710677 -0.70710677 0
    outer loop
      vertex 2.790801 2.9522238 0.79999924
      vertex 2.9522238 2.790801 0.79999924
      vertex 2.790801 2.9522238 2.5999994
    endloop
  endfacet
  facet normal -0.5595815 -0.4293795 -0.70887357
    outer loop
      vertex 2.790801 2.9522238 0.79999924
      vertex 3.3071804 3.6000004 0
      vertex 3.4343147 3.4343147 0
    endloop
  endfacet
  facet normal -0.50127554 -0.50127554 -0.70529824
    outer loop
      vertex 2.790801 2.9522238 0.79999924
      vertex 3.4343147 3.4343147 0
      vertex 2.9522238 2.790801 0.79999924
    endloop
  endfacet
  facet normal -0.70710677 -0.70710677 0
    outer loop
      vertex 2.790801 2.9522238 2.5999994
      vertex 2.9522238 2.790801 0.79999924
      vertex 2.9522238 2.790801 2.5999994
    endloop
  endfacet
  facet normal -0.70710677 0.70710677 0
    outer loop
      vertex 2.790801 39.047775 0.79999924
      vertex 2.790801 39.047775 2.5999994
      vertex 2.9522238 39.209198 2.5999994
    endloop
  endfacet
  facet normal -0.5012758 0.5012758 -0.70529795
    outer loop
      vertex 2.790801 39.047775 0.79999924
      vertex 2.9522238 39.209198 0.79999924
      vertex 3.4343147 38.565685 0
    endloop
  endfacet
  facet normal -0.70710677 0.70710677 0
    outer loop
      vertex 2.790801 39.047775 0.79999924
      vertex 2.9522238 39.209198 2.5999994
      vertex 2.9522238 39.209198 0.79999924
    endloop
  endfacet
  facet normal -0.5595794 0.42938277 -0.70887333
    outer loop
      vertex 2.790801 39.047775 0.79999924
      vertex 3.4343147 38.565685 0
      vertex 3.3071804 38.4 0
    endloop
  endfacet
  facet normal 0 0 -1
    outer loop
      vertex 2.8411865 -0.43353844 4.75
      vertex 2.8411865 0.43353844 4.75
      vertex 3.2203312 0.33194733 4.75
    endloop
  endfacet
  facet normal -0.18321162 0.6837578 -0.70633477
    outer loop
      vertex 2.8411865 -0.43353844 4.75
      vertex 3.2203312 -0.33194733 4.75
      vertex 3.5492287 -2.4648113 2.5999994
    endloop
  endfacet
  facet normal 0 0 -1
    outer loop
      vertex 2.8411865 -0.43353844 4.75
      vertex 3.2203312 0.33194733 4.75
      vertex 3.2203312 -0.33194733 4.75
    endloop
  endfacet
  facet normal -0.24707234 0.66242546 -0.70721126
    outer loop
      vertex 2.8411865 -0.43353844 4.75
      vertex 3.5492287 -2.4648113 2.5999994
      vertex 3.3353367 -2.544589 2.5999994
    endloop
  endfacet
  facet normal -0.24706975 -0.6624264 -0.70721126
    outer loop
      vertex 2.8411865 -41.56646 4.75
      vertex 3.3353367 -39.45541 2.5999994
      vertex 3.5492287 -39.535187 2.5999994
    endloop
  endfacet
  facet normal -0.1832148 -0.68375677 -0.7063349
    outer loop
      vertex 2.8411865 -41.56646 4.75
      vertex 3.5492287 -39.535187 2.5999994
      vertex 3.2203312 -41.668053 4.75
    endloop
  endfacet
  facet normal -0.24707234 -0.66242546 -0.70721126
    outer loop
      vertex 2.8411865 0.43353844 4.75
      vertex 3.3353367 2.544589 2.5999994
      vertex 3.5492287 2.4648113 2.5999994
    endloop
  endfacet
  facet normal -0.18321162 -0.6837578 -0.70633477
    outer loop
      vertex 2.8411865 0.43353844 4.75
      vertex 3.5492287 2.4648113 2.5999994
      vertex 3.2203312 0.33194733 4.75
    endloop
  endfacet
  facet normal -0.1832148 0.68375677 -0.7063349
    outer loop
      vertex 2.8411865 41.56646 4.75
      vertex 3.2203312 41.668053 4.75
      vertex 3.5492287 39.535187 2.5999994
    endloop
  endfacet
  facet normal -0.24706975 0.6624264 -0.70721126
    outer loop
      vertex 2.8411865 41.56646 4.75
      vertex 3.5492287 39.535187 2.5999994
      vertex 3.3353367 39.45541 2.5999994
    endloop
  endfacet
  facet normal -0.59927857 0.80054057 0
    outer loop
      vertex 2.9522238 -2.790801 0.79999924
      vertex 2.9522238 -2.790801 2.5999994
      vertex 3.1349754 -2.6539946 0.79999924
    endloop
  endfacet
  facet normal -0.42333513 0.56550825 -0.7078049
    outer loop
      vertex 2.9522238 -2.790801 0.79999924
      vertex 3.1349754 -2.6539946 0.79999924
      vertex 3.6000004 -3.3071804 0
    endloop
  endfacet
  facet normal -0.4293795 0.5595815 -0.70887357
    outer loop
      vertex 2.9522238 -2.790801 0.79999924
      vertex 3.6000004 -3.3071804 0
      vertex 3.4343147 -3.4343147 0
    endloop
  endfacet
  facet normal -0.59927857 0.80054057 0
    outer loop
      vertex 2.9522238 -2.790801 2.5999994
      vertex 3.1349754 -2.6539946 2.5999994
      vertex 3.1349754 -2.6539946 0.79999924
    endloop
  endfacet
  facet normal -0.59927857 -0.80054057 0
    outer loop
      vertex 2.9522238 -39.209198 0.79999924
      vertex 3.1349754 -39.346004 0.79999924
      vertex 3.1349754 -39.346004 2.5999994
    endloop
  endfacet
  facet normal -0.59927857 -0.80054057 0
    outer loop
      vertex 2.9522238 -39.209198 0.79999924
      vertex 3.1349754 -39.346004 2.5999994
      vertex 2.9522238 -39.209198 2.5999994
    endloop
  endfacet
  facet normal -0.42937562 -0.5595849 -0.7088733
    outer loop
      vertex 2.9522238 -39.209198 0.79999924
      vertex 3.4343147 -38.565685 0
      vertex 3.6000004 -38.692818 0
    endloop
  endfacet
  facet normal -0.42333493 -0.565508 -0.7078052
    outer loop
      vertex 2.9522238 -39.209198 0.79999924
      vertex 3.6000004 -38.692818 0
      vertex 3.1349754 -39.346004 0.79999924
    endloop
  endfacet
  facet normal -0.59927857 -0.80054057 0
    outer loop
      vertex 2.9522238 2.790801 0.79999924
      vertex 3.1349754 2.6539946 0.79999924
      vertex 3.1349754 2.6539946 2.5999994
    endloop
  endfacet
  facet normal -0.59927857 -0.80054057 0
    outer loop
      vertex 2.9522238 2.790801 0.79999924
      vertex 3.1349754 2.6539946 2.5999994
      vertex 2.9522238 2.790801 2.5999994
    endloop
  endfacet
  facet normal -0.4293795 -0.5595815 -0.70887357
    outer loop
      vertex 2.9522238 2.790801 0.79999924
      vertex 3.4343147 3.4343147 0
      vertex 3.6000004 3.3071804 0
    endloop
  endfacet
  facet normal -0.42333513 -0.56550825 -0.7078049
    outer loop
      vertex 2.9522238 2.790801 0.79999924
      vertex 3.6000004 3.3071804 0
      vertex 3.1349754 2.6539946 0.79999924
    endloop
  endfacet
  facet normal -0.59927857 0.80054057 0
    outer loop
      vertex 2.9522238 39.209198 0.79999924
      vertex 2.9522238 39.209198 2.5999994
      vertex 3.1349754 39.346004 0.79999924
    endloop
  endfacet
  facet normal -0.42333493 0.565508 -0.7078052
    outer loop
      vertex 2.9522238 39.209198 0.79999924
      vertex 3.1349754 39.346004 0.79999924
      vertex 3.6000004 38.692818 0
    endloop
  endfacet
  facet normal -0.42937562 0.5595849 -0.7088733
    outer loop
      vertex 2.9522238 39.209198 0.79999924
      vertex 3.6000004 38.692818 0
      vertex 3.4343147 38.565685 0
    endloop
  endfacet
  facet normal -0.59927857 0.80054057 0
    outer loop
      vertex 2.9522238 39.209198 2.5999994
      vertex 3.1349754 39.346004 2.5999994
      vertex 3.1349754 39.346004 0.79999924
    endloop
  endfacet
  facet normal -0.70710677 0 0.70710677
    outer loop
      vertex 25.599998 -12.049999 34
      vertex 26.599998 -11.049999 35
      vertex 25.599998 20.75 34
    endloop
  endfacet
  facet normal 0 -0.70710677 0.70710677
    outer loop
      vertex 25.599998 -12.049999 34
      vertex 30.5 -12.049999 34
      vertex 26.599998 -11.049999 35
    endloop
  endfacet
  facet normal -1 0 0
    outer loop
      vertex 25.599998 -12.049999 7.25
      vertex 25.599998 -12.049999 34
      vertex 25.599998 20.75 34
    endloop
  endfacet
  facet normal -1 0 0
    outer loop
      vertex 25.599998 -12.049999 7.25
      vertex 25.599998 20.75 34
      vertex 25.599998 20.75 7.25
    endloop
  endfacet
  facet normal 0 -1 0
    outer loop
      vertex 25.599998 -12.049999 7.25
      vertex 30.5 -12.049999 34
      vertex 25.599998 -12.049999 34
    endloop
  endfacet
  facet normal 0 -1 0
    outer loop
      vertex 25.599998 -12.049999 7.25
      vertex 30.5 -12.049999 5.75
      vertex 30.5 -12.049999 34
    endloop
  endfacet
  facet normal -0.12850632 -0.70124394 0.70124394
    outer loop
      vertex 25.599998 20.75 34
      vertex 25.954605 21.685017 35
      vertex 25.599998 21.75 35
    endloop
  endfacet
  facet normal -0.3298134 -0.6283962 0.7045149
    outer loop
      vertex 25.599998 20.75 34
      vertex 26.168064 21.572983 35
      vertex 25.954605 21.685017 35
    endloop
  endfacet
  facet normal -0.4706091 -0.5312117 0.7045149
    outer loop
      vertex 25.599998 20.75 34
      vertex 26.34851 21.413122 35
      vertex 26.168064 21.572983 35
    endloop
  endfacet
  facet normal -0.58406574 -0.40314513 0.70451486
    outer loop
      vertex 25.599998 20.75 34
      vertex 26.485455 21.214722 35
      vertex 26.34851 21.413122 35
    endloop
  endfacet
  facet normal -0.663569 -0.25166413 0.704515
    outer loop
      vertex 25.599998 20.75 34
      vertex 26.570942 20.989315 35
      vertex 26.485455 21.214722 35
    endloop
  endfacet
  facet normal -0.70710677 0 0.70710677
    outer loop
      vertex 25.599998 20.75 34
      vertex 26.599998 -11.049999 35
      vertex 26.599998 20.75 35
    endloop
  endfacet
  facet normal -0.7045151 -0.085539035 0.7045151
    outer loop
      vertex 25.599998 20.75 34
      vertex 26.599998 20.75 35
      vertex 26.570942 20.989315 35
    endloop
  endfacet
  facet normal 0 0 1
    outer loop
      vertex 25.599998 21.75 35
      vertex 25.954605 21.685017 35
      vertex 38 41.75 35
    endloop
  endfacet
  facet normal 0 0 1
    outer loop
      vertex 25.954605 21.685017 35
      vertex 26.168064 21.572983 35
      vertex 38 41.75 35
    endloop
  endfacet
  facet normal 0 0 1
    outer loop
      vertex 26.168064 21.572983 35
      vertex 26.34851 21.413122 35
      vertex 41.75 38 35
    endloop
  endfacet
  facet normal 0 0 1
    outer loop
      vertex 26.168064 21.572983 35
      vertex 41.75 38 35
      vertex 38 41.75 35
    endloop
  endfacet
  facet normal 0 0 1
    outer loop
      vertex 26.34851 21.413122 35
      vertex 26.485455 21.214722 35
      vertex 41.75 38 35
    endloop
  endfacet
  facet normal 0 0 1
    outer loop
      vertex 26.485455 21.214722 35
      vertex 26.570942 20.989315 35
      vertex 41.75 38 35
    endloop
  endfacet
  facet normal 0 0 1
    outer loop
      vertex 26.570942 20.989315 35
      vertex 26.599998 20.75 35
      vertex 41.75 38 35
    endloop
  endfacet
  facet normal 0 0 1
    outer loop
      vertex 26.599998 -11.049999 35
      vertex 30.5 -11.049999 35
      vertex 26.599998 20.75 35
    endloop
  endfacet
  facet normal 0 -0.70710677 0.70710677
    outer loop
      vertex 26.599998 -11.049999 35
      vertex 30.5 -12.049999 34
      vertex 30.5 -11.049999 35
    endloop
  endfacet
  facet normal 0 0 1
    outer loop
      vertex 26.599998 20.75 35
      vertex 30.5 -11.049999 35
      vertex 30.854605 -11.114984 35
    endloop
  endfacet
  facet normal 0 0 1
    outer loop
      vertex 26.599998 20.75 35
      vertex 30.854605 -11.114984 35
      vertex 31.068066 -11.2270155 35
    endloop
  endfacet
  facet normal 0 0 1
    outer loop
      vertex 26.599998 20.75 35
      vertex 31.068066 -11.2270155 35
      vertex 31.24851 -11.386877 35
    endloop
  endfacet
  facet normal 0 0 1
    outer loop
      vertex 26.599998 20.75 35
      vertex 31.24851 -11.386877 35
      vertex 41.75 38 35
    endloop
  endfacet
  facet normal -0.47924897 0.877679 0
    outer loop
      vertex 3.1349754 -2.6539946 0.79999924
      vertex 3.1349754 -2.6539946 2.5999994
      vertex 3.3353367 -2.544589 0.79999924
    endloop
  endfacet
  facet normal -0.3396964 0.6221075 -0.7053996
    outer loop
      vertex 3.1349754 -2.6539946 0.79999924
      vertex 3.3353367 -2.544589 0.79999924
      vertex 3.6000004 -3.3071804 0
    endloop
  endfacet
  facet normal -0.47924897 0.877679 0
    outer loop
      vertex 3.1349754 -2.6539946 2.5999994
      vertex 3.3353367 -2.544589 2.5999994
      vertex 3.3353367 -2.544589 0.79999924
    endloop
  endfacet
  facet normal -0.47924897 -0.877679 0
    outer loop
      vertex 3.1349754 -39.346004 0.79999924
      vertex 3.3353367 -39.45541 0.79999924
      vertex 3.3353367 -39.45541 2.5999994
    endloop
  endfacet
  facet normal -0.47924897 -0.877679 0
    outer loop
      vertex 3.1349754 -39.346004 0.79999924
      vertex 3.3353367 -39.45541 2.5999994
      vertex 3.1349754 -39.346004 2.5999994
    endloop
  endfacet
  facet normal -0.33969623 -0.6221072 -0.7054
    outer loop
      vertex 3.1349754 -39.346004 0.79999924
      vertex 3.6000004 -38.692818 0
      vertex 3.3353367 -39.45541 0.79999924
    endloop
  endfacet
  facet normal -0.47924897 -0.877679 0
    outer loop
      vertex 3.1349754 2.6539946 0.79999924
      vertex 3.3353367 2.544589 0.79999924
      vertex 3.3353367 2.544589 2.5999994
    endloop
  endfacet
  facet normal -0.47924897 -0.877679 0
    outer loop
      vertex 3.1349754 2.6539946 0.79999924
      vertex 3.3353367 2.544589 2.5999994
      vertex 3.1349754 2.6539946 2.5999994
    endloop
  endfacet
  facet normal -0.3396964 -0.6221075 -0.7053996
    outer loop
      vertex 3.1349754 2.6539946 0.79999924
      vertex 3.6000004 3.3071804 0
      vertex 3.3353367 2.544589 0.79999924
    endloop
  endfacet
  facet normal -0.47924897 0.877679 0
    outer loop
      vertex 3.1349754 39.346004 0.79999924
      vertex 3.1349754 39.346004 2.5999994
      vertex 3.3353367 39.45541 0.79999924
    endloop
  endfacet
  facet normal -0.33969623 0.6221072 -0.7054
    outer loop
      vertex 3.1349754 39.346004 0.79999924
      vertex 3.3353367 39.45541 0.79999924
      vertex 3.6000004 38.692818 0
    endloop
  endfacet
  facet normal -0.47924897 0.877679 0
    outer loop
      vertex 3.1349754 39.346004 2.5999994
      vertex 3.3353367 39.45541 2.5999994
      vertex 3.3353367 39.45541 0.79999924
    endloop
  endfacet
  facet normal 0 0 -1
    outer loop
      vertex 3.2000008 -38 0
      vertex 3.2000008 -4 0
      vertex 4 -3.2000008 0
    endloop
  endfacet
  facet normal 0 0 -1
    outer loop
      vertex 3.2000008 -38 0
      vertex 3.3071804 -38.4 0
      vertex 3.2272596 -38.207054 0
    endloop
  endfacet
  facet normal 0 0 -1
    outer loop
      vertex 3.2000008 -38 0
      vertex 3.4343147 -38.565685 0
      vertex 3.3071804 -38.4 0
    endloop
  endfacet
  facet normal 0 0 -1
    outer loop
      vertex 3.2000008 -38 0
      vertex 3.6000004 -38.692818 0
      vertex 3.4343147 -38.565685 0
    endloop
  endfacet
  facet normal 0 0 -1
    outer loop
      vertex 3.2000008 -38 0
      vertex 3.792945 -38.77274 0
      vertex 3.6000004 -38.692818 0
    endloop
  endfacet
  facet normal 0 0 -1
    outer loop
      vertex 3.2000008 -38 0
      vertex 4 -3.2000008 0
      vertex 4 -38.8 0
    endloop
  endfacet
  facet normal 0 0 -1
    outer loop
      vertex 3.2000008 -38 0
      vertex 4 -38.8 0
      vertex 3.792945 -38.77274 0
    endloop
  endfacet
  facet normal 0 0 -1
    outer loop
      vertex 3.2000008 -4 0
      vertex 3.2272596 -3.792945 0
      vertex 3.3071804 -3.6000004 0
    endloop
  endfacet
  facet normal 0 0 -1
    outer loop
      vertex 3.2000008 -4 0
      vertex 3.3071804 -3.6000004 0
      vertex 3.4343147 -3.4343147 0
    endloop
  endfacet
  facet normal 0 0 -1
    outer loop
      vertex 3.2000008 -4 0
      vertex 3.4343147 -3.4343147 0
      vertex 3.6000004 -3.3071804 0
    endloop
  endfacet
  facet normal 0 0 -1
    outer loop
      vertex 3.2000008 -4 0
      vertex 3.6000004 -3.3071804 0
      vertex 3.792945 -3.2272596 0
    endloop
  endfacet
  facet normal 0 0 -1
    outer loop
      vertex 3.2000008 -4 0
      vertex 3.792945 -3.2272596 0
      vertex 4 -3.2000008 0
    endloop
  endfacet
  facet normal 0 0 -1
    outer loop
      vertex 3.2000008 38 0
      vertex 3.2272596 38.207054 0
      vertex 3.3071804 38.4 0
    endloop
  endfacet
  facet normal 0 0 -1
    outer loop
      vertex 3.2000008 38 0
      vertex 3.3071804 38.4 0
      vertex 3.4343147 38.565685 0
    endloop
  endfacet
  facet normal 0 0 -1
    outer loop
      vertex 3.2000008 38 0
      vertex 3.4343147 38.565685 0
      vertex 3.6000004 38.692818 0
    endloop
  endfacet
  facet normal 0 0 -1
    outer loop
      vertex 3.2000008 38 0
      vertex 3.6000004 38.692818 0
      vertex 3.792945 38.77274 0
    endloop
  endfacet
  facet normal 0 0 -1
    outer loop
      vertex 3.2000008 38 0
      vertex 3.792945 38.77274 0
      vertex 4 38.8 0
    endloop
  endfacet
  facet normal 0 0 -1
    outer loop
      vertex 3.2000008 4 0
      vertex 3.2000008 38 0
      vertex 4 38.8 0
    endloop
  endfacet
  facet normal 0 0 -1
    outer loop
      vertex 3.2000008 4 0
      vertex 3.3071804 3.6000004 0
      vertex 3.2272596 3.792945 0
    endloop
  endfacet
  facet normal 0 0 -1
    outer loop
      vertex 3.2000008 4 0
      vertex 3.4343147 3.4343147 0
      vertex 3.3071804 3.6000004 0
    endloop
  endfacet
  facet normal 0 0 -1
    outer loop
      vertex 3.2000008 4 0
      vertex 3.6000004 3.3071804 0
      vertex 3.4343147 3.4343147 0
    endloop
  endfacet
  facet normal 0 0 -1
    outer loop
      vertex 3.2000008 4 0
      vertex 3.792945 3.2272596 0
      vertex 3.6000004 3.3071804 0
    endloop
  endfacet
  facet normal 0 0 -1
    outer loop
      vertex 3.2000008 4 0
      vertex 4 3.2000008 0
      vertex 3.792945 3.2272596 0
    endloop
  endfacet
  facet normal 0 0 -1
    outer loop
      vertex 3.2000008 4 0
      vertex 4 38.8 0
      vertex 4 3.2000008 0
    endloop
  endfacet
  facet normal 0 0 -1
    outer loop
      vertex 3.2203312 -0.33194733 4.75
      vertex 3.2203312 0.33194733 4.75
      vertex 3.6080189 0.2705431 4.75
    endloop
  endfacet
  facet normal -0.11074489 0.6992097 -0.706287
    outer loop
      vertex 3.2203312 -0.33194733 4.75
      vertex 3.6080189 -0.2705431 4.75
      vertex 3.772297 -2.4162865 2.5999994
    endloop
  endfacet
  facet normal 0 0 -1
    outer loop
      vertex 3.2203312 -0.33194733 4.75
      vertex 3.6080189 0.2705431 4.75
      vertex 3.6080189 -0.2705431 4.75
    endloop
  endfacet
  facet normal -0.15016346 0.6902998 -0.7077691
    outer loop
      vertex 3.2203312 -0.33194733 4.75
      vertex 3.772297 -2.4162865 2.5999994
      vertex 3.5492287 -2.4648113 2.5999994
    endloop
  endfacet
  facet normal -0.15016907 -0.69029844 -0.7077692
    outer loop
      vertex 3.2203312 -41.668053 4.75
      vertex 3.5492287 -39.535187 2.5999994
      vertex 3.772297 -39.583714 2.5999994
    endloop
  endfacet
  facet normal -0.11074656 -0.69920933 -0.70628715
    outer loop
      vertex 3.2203312 -41.668053 4.75
      vertex 3.772297 -39.583714 2.5999994
      vertex 3.6080189 -41.729458 4.75
    endloop
  endfacet
  facet normal -0.15016346 -0.6902998 -0.7077691
    outer loop
      vertex 3.2203312 0.33194733 4.75
      vertex 3.5492287 2.4648113 2.5999994
      vertex 3.772297 2.4162865 2.5999994
    endloop
  endfacet
  facet normal -0.11074489 -0.6992097 -0.706287
    outer loop
      vertex 3.2203312 0.33194733 4.75
      vertex 3.772297 2.4162865 2.5999994
      vertex 3.6080189 0.2705431 4.75
    endloop
  endfacet
  facet normal -0.11074656 0.69920933 -0.70628715
    outer loop
      vertex 3.2203312 41.668053 4.75
      vertex 3.6080189 41.729458 4.75
      vertex 3.772297 39.583714 2.5999994
    endloop
  endfacet
  facet normal -0.15016907 0.69029844 -0.7077692
    outer loop
      vertex 3.2203312 41.668053 4.75
      vertex 3.772297 39.583714 2.5999994
      vertex 3.5492287 39.535187 2.5999994
    endloop
  endfacet
  facet normal -0.34946468 0.93694955 0
    outer loop
      vertex 3.3353367 -2.544589 0.79999924
      vertex 3.3353367 -2.544589 2.5999994
      vertex 3.5492287 -2.4648113 0.79999924
    endloop
  endfacet
  facet normal -0.2471789 0.66271114 -0.7069063
    outer loop
      vertex 3.3353367 -2.544589 0.79999924
      vertex 3.5492287 -2.4648113 0.79999924
      vertex 3.792945 -3.2272596 0
    endloop
  endfacet
  facet normal -0.26961613 0.65090656 -0.7096674
    outer loop
      vertex 3.3353367 -2.544589 0.79999924
      vertex 3.792945 -3.2272596 0
      vertex 3.6000004 -3.3071804 0
    endloop
  endfacet
  facet normal -0.34946468 0.93694955 0
    outer loop
      vertex 3.3353367 -2.544589 2.5999994
      vertex 3.5492287 -2.4648113 2.5999994
      vertex 3.5492287 -2.4648113 0.79999924
    endloop
  endfacet
  facet normal -0.34946102 -0.9369509 0
    outer loop
      vertex 3.3353367 -39.45541 0.79999924
      vertex 3.5492287 -39.535187 0.79999924
      vertex 3.5492287 -39.535187 2.5999994
    endloop
  endfacet
  facet normal -0.34946102 -0.9369509 0
    outer loop
      vertex 3.3353367 -39.45541 0.79999924
      vertex 3.5492287 -39.535187 2.5999994
      vertex 3.3353367 -39.45541 2.5999994
    endloop
  endfacet
  facet normal -0.26961875 -0.6509052 -0.7096677
    outer loop
      vertex 3.3353367 -39.45541 0.79999924
      vertex 3.6000004 -38.692818 0
      vertex 3.792945 -38.77274 0
    endloop
  endfacet
  facet normal -0.24717641 -0.66271245 -0.70690596
    outer loop
      vertex 3.3353367 -39.45541 0.79999924
      vertex 3.792945 -38.77274 0
      vertex 3.5492287 -39.535187 0.79999924
    endloop
  endfacet
  facet normal -0.34946468 -0.93694955 0
    outer loop
      vertex 3.3353367 2.544589 0.79999924
      vertex 3.5492287 2.4648113 0.79999924
      vertex 3.5492287 2.4648113 2.5999994
    endloop
  endfacet
  facet normal -0.34946468 -0.93694955 0
    outer loop
      vertex 3.3353367 2.544589 0.79999924
      vertex 3.5492287 2.4648113 2.5999994
      vertex 3.3353367 2.544589 2.5999994
    endloop
  endfacet
  facet normal -0.26961613 -0.65090656 -0.7096674
    outer loop
      vertex 3.3353367 2.544589 0.79999924
      vertex 3.6000004 3.3071804 0
      vertex 3.792945 3.2272596 0
    endloop
  endfacet
  facet normal -0.2471789 -0.66271114 -0.7069063
    outer loop
      vertex 3.3353367 2.544589 0.79999924
      vertex 3.792945 3.2272596 0
      vertex 3.5492287 2.4648113 0.79999924
    endloop
  endfacet
  facet normal -0.34946102 0.9369509 0
    outer loop
      vertex 3.3353367 39.45541 0.79999924
      vertex 3.3353367 39.45541 2.5999994
      vertex 3.5492287 39.535187 0.79999924
    endloop
  endfacet
  facet normal -0.24717641 0.66271245 -0.70690596
    outer loop
      vertex 3.3353367 39.45541 0.79999924
      vertex 3.5492287 39.535187 0.79999924
      vertex 3.792945 38.77274 0
    endloop
  endfacet
  facet normal -0.26961875 0.6509052 -0.7096677
    outer loop
      vertex 3.3353367 39.45541 0.79999924
      vertex 3.792945 38.77274 0
      vertex 3.6000004 38.692818 0
    endloop
  endfacet
  facet normal -0.34946102 0.9369509 0
    outer loop
      vertex 3.3353367 39.45541 2.5999994
      vertex 3.5492287 39.535187 2.5999994
      vertex 3.5492287 39.535187 0.79999924
    endloop
  endfacet
  facet normal -0.2125625 0.97714746 0
    outer loop
      vertex 3.5492287 -2.4648113 0.79999924
      vertex 3.5492287 -2.4648113 2.5999994
      vertex 3.772297 -2.4162865 0.79999924
    endloop
  endfacet
  facet normal -0.15060246 0.69231784 -0.7057017
    outer loop
      vertex 3.5492287 -2.4648113 0.79999924
      vertex 3.772297 -2.4162865 0.79999924
      vertex 3.792945 -3.2272596 0
    endloop
  endfacet
  facet normal -0.2125625 0.97714746 0
    outer loop
      vertex 3.5492287 -2.4648113 2.5999994
      vertex 3.772297 -2.4162865 2.5999994
      vertex 3.772297 -2.4162865 0.79999924
    endloop
  endfacet
  facet normal -0.21257047 -0.97714573 0
    outer loop
      vertex 3.5492287 -39.535187 0.79999924
      vertex 3.772297 -39.583714 0.79999924
      vertex 3.772297 -39.583714 2.5999994
    endloop
  endfacet
  facet normal -0.21257047 -0.97714573 0
    outer loop
      vertex 3.5492287 -39.535187 0.79999924
      vertex 3.772297 -39.583714 2.5999994
      vertex 3.5492287 -39.535187 2.5999994
    endloop
  endfacet
  facet normal -0.15060814 -0.6923168 -0.7057016
    outer loop
      vertex 3.5492287 -39.535187 0.79999924
      vertex 3.792945 -38.77274 0
      vertex 3.772297 -39.583714 0.79999924
    endloop
  endfacet
  facet normal -0.2125625 -0.97714746 0
    outer loop
      vertex 3.5492287 2.4648113 0.79999924
      vertex 3.772297 2.4162865 0.79999924
      vertex 3.772297 2.4162865 2.5999994
    endloop
  endfacet
  facet normal -0.2125625 -0.97714746 0
    outer loop
      vertex 3.5492287 2.4648113 0.79999924
      vertex 3.772297 2.4162865 2.5999994
      vertex 3.5492287 2.4648113 2.5999994
    endloop
  endfacet
  facet normal -0.15060246 -0.69231784 -0.7057017
    outer loop
      vertex 3.5492287 2.4648113 0.79999924
      vertex 3.792945 3.2272596 0
      vertex 3.772297 2.4162865 0.79999924
    endloop
  endfacet
  facet normal -0.21257047 0.97714573 0
    outer loop
      vertex 3.5492287 39.535187 0.79999924
      vertex 3.5492287 39.535187 2.5999994
      vertex 3.772297 39.583714 0.79999924
    endloop
  endfacet
  facet normal -0.15060814 0.6923168 -0.7057016
    outer loop
      vertex 3.5492287 39.535187 0.79999924
      vertex 3.772297 39.583714 0.79999924
      vertex 3.792945 38.77274 0
    endloop
  endfacet
  facet normal -0.21257047 0.97714573 0
    outer loop
      vertex 3.5492287 39.535187 2.5999994
      vertex 3.772297 39.583714 2.5999994
      vertex 3.772297 39.583714 0.79999924
    endloop
  endfacet
  facet normal 0 0 -1
    outer loop
      vertex 3.6080189 -0.2705431 4.75
      vertex 3.6080189 0.2705431 4.75
      vertex 4 0.25 4.75
    endloop
  endfacet
  facet normal -0.037032906 0.70662177 -0.70662177
    outer loop
      vertex 3.6080189 -0.2705431 4.75
      vertex 4 -0.25 4.75
      vertex 4 -2.4000006 2.5999994
    endloop
  endfacet
  facet normal -0.05042179 0.7049779 -0.70743465
    outer loop
      vertex 3.6080189 -0.2705431 4.75
      vertex 4 -2.4000006 2.5999994
      vertex 3.772297 -2.4162865 2.5999994
    endloop
  endfacet
  facet normal 0 0 -1
    outer loop
      vertex 3.6080189 -0.2705431 4.75
      vertex 4 0.25 4.75
      vertex 4 -0.25 4.75
    endloop
  endfacet
  facet normal -0.05041884 -0.704978 -0.7074348
    outer loop
      vertex 3.6080189 -41.729458 4.75
      vertex 3.772297 -39.583714 2.5999994
      vertex 4 -39.6 2.5999994
    endloop
  endfacet
  facet normal -0.03703118 -0.70662165 -0.70662194
    outer loop
      vertex 3.6080189 -41.729458 4.75
      vertex 4 -39.6 2.5999994
      vertex 4 -41.75 4.75
    endloop
  endfacet
  facet normal -0.05042179 -0.7049779 -0.70743465
    outer loop
      vertex 3.6080189 0.2705431 4.75
      vertex 3.772297 2.4162865 2.5999994
      vertex 4 2.4000006 2.5999994
    endloop
  endfacet
  facet normal -0.037032906 -0.70662177 -0.70662177
    outer loop
      vertex 3.6080189 0.2705431 4.75
      vertex 4 2.4000006 2.5999994
      vertex 4 0.25 4.75
    endloop
  endfacet
  facet normal -0.05041884 0.704978 -0.7074348
    outer loop
      vertex 3.6080189 41.729458 4.75
      vertex 4 39.6 2.5999994
      vertex 3.772297 39.583714 2.5999994
    endloop
  endfacet
  facet normal -0.03703118 0.70662165 -0.70662194
    outer loop
      vertex 3.6080189 41.729458 4.75
      vertex 4 41.75 4.75
      vertex 4 39.6 2.5999994
    endloop
  endfacet
  facet normal -0.07134027 0.997452 0
    outer loop
      vertex 3.772297 -2.4162865 0.79999924
      vertex 3.772297 -2.4162865 2.5999994
      vertex 4 -2.4000006 0.79999924
    endloop
  endfacet
  facet normal -0.050509468 0.7062038 -0.70620465
    outer loop
      vertex 3.772297 -2.4162865 0.79999924
      vertex 4 -2.4000006 0.79999924
      vertex 4 -3.2000008 0
    endloop
  endfacet
  facet normal -0.091907 0.69811445 -0.7100629
    outer loop
      vertex 3.772297 -2.4162865 0.79999924
      vertex 4 -3.2000008 0
      vertex 3.792945 -3.2272596 0
    endloop
  endfacet
  facet normal -0.07134027 0.997452 0
    outer loop
      vertex 3.772297 -2.4162865 2.5999994
      vertex 4 -2.4000006 2.5999994
      vertex 4 -2.4000006 0.79999924
    endloop
  endfacet
  facet normal -0.09191013 -0.6981138 -0.71006316
    outer loop
      vertex 3.772297 -39.583714 0.79999924
      vertex 3.792945 -38.77274 0
      vertex 4 -38.8 0
    endloop
  endfacet
  facet normal -0.050506547 -0.7062043 -0.7062043
    outer loop
      vertex 3.772297 -39.583714 0.79999924
      vertex 4 -38.8 0
      vertex 4 -39.6 0.79999924
    endloop
  endfacet
  facet normal -0.07133611 -0.9974523 0
    outer loop
      vertex 3.772297 -39.583714 0.79999924
      vertex 4 -39.6 0.79999924
      vertex 4 -39.6 2.5999994
    endloop
  endfacet
  facet normal -0.07133611 -0.9974523 0
    outer loop
      vertex 3.772297 -39.583714 0.79999924
      vertex 4 -39.6 2.5999994
      vertex 3.772297 -39.583714 2.5999994
    endloop
  endfacet
  facet normal -0.091907 -0.69811445 -0.7100629
    outer loop
      vertex 3.772297 2.4162865 0.79999924
      vertex 3.792945 3.2272596 0
      vertex 4 3.2000008 0
    endloop
  endfacet
  facet normal -0.07134027 -0.997452 0
    outer loop
      vertex 3.772297 2.4162865 0.79999924
      vertex 4 2.4000006 0.79999924
      vertex 4 2.4000006 2.5999994
    endloop
  endfacet
  facet normal -0.07134027 -0.997452 0
    outer loop
      vertex 3.772297 2.4162865 0.79999924
      vertex 4 2.4000006 2.5999994
      vertex 3.772297 2.4162865 2.5999994
    endloop
  endfacet
  facet normal -0.050509468 -0.7062038 -0.70620465
    outer loop
      vertex 3.772297 2.4162865 0.79999924
      vertex 4 3.2000008 0
      vertex 4 2.4000006 0.79999924
    endloop
  endfacet
  facet normal -0.07133611 0.9974523 0
    outer loop
      vertex 3.772297 39.583714 0.79999924
      vertex 3.772297 39.583714 2.5999994
      vertex 4 39.6 0.79999924
    endloop
  endfacet
  facet normal -0.09191013 0.6981138 -0.71006316
    outer loop
      vertex 3.772297 39.583714 0.79999924
      vertex 4 38.8 0
      vertex 3.792945 38.77274 0
    endloop
  endfacet
  facet normal -0.050506547 0.7062043 -0.7062043
    outer loop
      vertex 3.772297 39.583714 0.79999924
      vertex 4 39.6 0.79999924
      vertex 4 38.8 0
    endloop
  endfacet
  facet normal -0.07133611 0.9974523 0
    outer loop
      vertex 3.772297 39.583714 2.5999994
      vertex 4 39.6 2.5999994
      vertex 4 39.6 0.79999924
    endloop
  endfacet
  facet normal -0.12850885 -0.7012437 0.7012437
    outer loop
      vertex 30.5 -12.049999 34
      vertex 30.854605 -11.114984 35
      vertex 30.5 -11.049999 35
    endloop
  endfacet
  facet normal -0.32980677 -0.6283999 0.7045148
    outer loop
      vertex 30.5 -12.049999 34
      vertex 31.068066 -11.2270155 35
      vertex 30.854605 -11.114984 35
    endloop
  endfacet
  facet normal -0.4706135 -0.53120786 0.7045148
    outer loop
      vertex 30.5 -12.049999 34
      vertex 31.24851 -11.386877 35
      vertex 31.068066 -11.2270155 35
    endloop
  endfacet
  facet normal -0.5840624 -0.40315035 0.7045147
    outer loop
      vertex 30.5 -12.049999 34
      vertex 31.385456 -11.585277 35
      vertex 31.24851 -11.386877 35
    endloop
  endfacet
  facet normal -0.6635715 -0.25165838 0.70451474
    outer loop
      vertex 30.5 -12.049999 34
      vertex 31.470942 -11.810684 35
      vertex 31.385456 -11.585277 35
    endloop
  endfacet
  facet normal -0.70451474 -0.085544616 0.70451474
    outer loop
      vertex 30.5 -12.049999 34
      vertex 31.5 -12.049999 35
      vertex 31.470942 -11.810684 35
    endloop
  endfacet
  facet normal -0.25165933 0.6635712 0.7045147
    outer loop
      vertex 30.5 -20.75 34
      vertex 30.739315 -21.720942 35
      vertex 30.964722 -21.635456 35
    endloop
  endfacet
  facet normal -0.4031491 0.58406335 0.70451456
    outer loop
      vertex 30.5 -20.75 34
      vertex 30.964722 -21.635456 35
      vertex 31.163122 -21.49851 35
    endloop
  endfacet
  facet normal -0.53120935 0.47061202 0.7045147
    outer loop
      vertex 30.5 -20.75 34
      vertex 31.163122 -21.49851 35
      vertex 31.322983 -21.318066 35
    endloop
  endfacet
  facet normal -0.6283976 0.32981116 0.7045148
    outer loop
      vertex 30.5 -20.75 34
      vertex 31.322983 -21.318066 35
      vertex 31.435017 -21.104605 35
    endloop
  endfacet
  facet normal -0.7012439 0.128507 0.7012439
    outer loop
      vertex 30.5 -20.75 34
      vertex 31.435017 -21.104605 35
      vertex 31.5 -20.75 35
    endloop
  endfacet
  facet normal -0.70710677 0 0.70710677
    outer loop
      vertex 30.5 -20.75 34
      vertex 31.5 -12.049999 35
      vertex 30.5 -12.049999 34
    endloop
  endfacet
  facet normal -0.70710677 0 0.70710677
    outer loop
      vertex 30.5 -20.75 34
      vertex 31.5 -20.75 35
      vertex 31.5 -12.049999 35
    endloop
  endfacet
  facet normal -1 0 0
    outer loop
      vertex 30.5 -20.75 5.75
      vertex 30.5 -12.049999 34
      vertex 30.5 -12.049999 5.75
    endloop
  endfacet
  facet normal -1 0 0
    outer loop
      vertex 30.5 -20.75 5.75
      vertex 30.5 -20.75 34
      vertex 30.5 -12.049999 34
    endloop
  endfacet
  facet normal -0.085544616 0.70451474 0.70451474
    outer loop
      vertex 30.5 -21.75 35
      vertex 30.739315 -21.720942 35
      vertex 30.5 -20.75 34
    endloop
  endfacet
  facet normal 0 0 1
    outer loop
      vertex 30.5 -21.75 35
      vertex 38 -41.75 35
      vertex 30.739315 -21.720942 35
    endloop
  endfacet
  facet normal 0 0 1
    outer loop
      vertex 30.739315 -21.720942 35
      vertex 38 -41.75 35
      vertex 41.75 -38 35
    endloop
  endfacet
  facet normal 0 0 1
    outer loop
      vertex 30.739315 -21.720942 35
      vertex 41.75 -38 35
      vertex 30.964722 -21.635456 35
    endloop
  endfacet
  facet normal 0 0 1
    outer loop
      vertex 30.964722 -21.635456 35
      vertex 41.75 -38 35
      vertex 31.163122 -21.49851 35
    endloop
  endfacet
  facet normal 0 0 1
    outer loop
      vertex 31.163122 -21.49851 35
      vertex 41.75 -38 35
      vertex 31.322983 -21.318066 35
    endloop
  endfacet
  facet normal 0 0 1
    outer loop
      vertex 31.24851 -11.386877 35
      vertex 31.385456 -11.585277 35
      vertex 41.75 38 35
    endloop
  endfacet
  facet normal 0 0 1
    outer loop
      vertex 31.322983 -21.318066 35
      vertex 41.75 -38 35
      vertex 31.435017 -21.104605 35
    endloop
  endfacet
  facet normal 0 0 1
    outer loop
      vertex 31.385456 -11.585277 35
      vertex 31.470942 -11.810684 35
      vertex 41.75 38 35
    endloop
  endfacet
  facet normal 0 0 1
    outer loop
      vertex 31.435017 -21.104605 35
      vertex 41.75 -38 35
      vertex 31.5 -20.75 35
    endloop
  endfacet
  facet normal 0 0 1
    outer loop
      vertex 31.470942 -11.810684 35
      vertex 31.5 -12.049999 35
      vertex 41.75 -38 35
    endloop
  endfacet
  facet normal 0 0 1
    outer loop
      vertex 31.470942 -11.810684 35
      vertex 41.75 -38 35
      vertex 41.75 38 35
    endloop
  endfacet
  facet normal 0 0 1
    outer loop
      vertex 31.5 -20.75 35
      vertex 41.75 -38 35
      vertex 31.5 -12.049999 35
    endloop
  endfacet
  facet normal 0 0 -1
    outer loop
      vertex 38 -0.25 4.75
      vertex 38 0.25 4.75
      vertex 38.391983 0.2705431 4.75
    endloop
  endfacet
  facet normal 0 0 -1
    outer loop
      vertex 38 -0.25 4.75
      vertex 38.391983 0.2705431 4.75
      vertex 38.391983 -0.2705431 4.75
    endloop
  endfacet
  facet normal 0.07134027 0.997452 0
    outer loop
      vertex 38 -2.4000006 0.79999924
      vertex 38 -2.4000006 2.5999994
      vertex 38.227703 -2.4162865 0.79999924
    endloop
  endfacet
  facet normal 0.037032727 0.70662177 -0.70662177
    outer loop
      vertex 38 -2.4000006 2.5999994
      vertex 38 -0.25 4.75
      vertex 38.391983 -0.2705431 4.75
    endloop
  endfacet
  facet normal 0.07134027 0.997452 0
    outer loop
      vertex 38 -2.4000006 2.5999994
      vertex 38.227703 -2.4162865 2.5999994
      vertex 38.227703 -2.4162865 0.79999924
    endloop
  endfacet
  facet normal 0.050421786 0.70497787 -0.70743465
    outer loop
      vertex 38 -2.4000006 2.5999994
      vertex 38.391983 -0.2705431 4.75
      vertex 38.227703 -2.4162865 2.5999994
    endloop
  endfacet
  facet normal 0.050509468 0.7062038 -0.70620465
    outer loop
      vertex 38 -3.2000008 0
      vertex 38 -2.4000006 0.79999924
      vertex 38.227703 -2.4162865 0.79999924
    endloop
  endfacet
  facet normal 0 0 -1
    outer loop
      vertex 38 -3.2000008 0
      vertex 38.207054 -3.2272596 0
      vertex 38.4 -3.3071804 0
    endloop
  endfacet
  facet normal 0.09190741 0.69811434 -0.7100629
    outer loop
      vertex 38 -3.2000008 0
      vertex 38.227703 -2.4162865 0.79999924
      vertex 38.207054 -3.2272596 0
    endloop
  endfacet
  facet normal 0 0 -1
    outer loop
      vertex 38 -3.2000008 0
      vertex 38.4 -3.3071804 0
      vertex 38.565685 -3.4343147 0
    endloop
  endfacet
  facet normal 0 0 -1
    outer loop
      vertex 38 -3.2000008 0
      vertex 38.565685 -3.4343147 0
      vertex 38.692818 -3.6000004 0
    endloop
  endfacet
  facet normal 0 0 -1
    outer loop
      vertex 38 -3.2000008 0
      vertex 38.692818 -3.6000004 0
      vertex 38.77274 -3.792945 0
    endloop
  endfacet
  facet normal 0 0 -1
    outer loop
      vertex 38 -3.2000008 0
      vertex 38.77274 -3.792945 0
      vertex 38.8 -4 0
    endloop
  endfacet
  facet normal 0 0 -1
    outer loop
      vertex 38 -38.8 0
      vertex 38 -3.2000008 0
      vertex 38.8 -4 0
    endloop
  endfacet
  facet normal 0.09191054 -0.6981137 -0.71006316
    outer loop
      vertex 38 -38.8 0
      vertex 38.207054 -38.77274 0
      vertex 38.227703 -39.583714 0.79999924
    endloop
  endfacet
  facet normal 0 0 -1
    outer loop
      vertex 38 -38.8 0
      vertex 38.4 -38.692818 0
      vertex 38.207054 -38.77274 0
    endloop
  endfacet
  facet normal 0 0 -1
    outer loop
      vertex 38 -38.8 0
      vertex 38.565685 -38.565685 0
      vertex 38.4 -38.692818 0
    endloop
  endfacet
  facet normal 0 0 -1
    outer loop
      vertex 38 -38.8 0
      vertex 38.692818 -38.4 0
      vertex 38.565685 -38.565685 0
    endloop
  endfacet
  facet normal 0 0 -1
    outer loop
      vertex 38 -38.8 0
      vertex 38.77274 -38.207054 0
      vertex 38.692818 -38.4 0
    endloop
  endfacet
  facet normal 0 0 -1
    outer loop
      vertex 38 -38.8 0
      vertex 38.8 -38 0
      vertex 38.77274 -38.207054 0
    endloop
  endfacet
  facet normal 0 0 -1
    outer loop
      vertex 38 -38.8 0
      vertex 38.8 -4 0
      vertex 38.8 -38 0
    endloop
  endfacet
  facet normal 0.050506547 -0.7062043 -0.7062043
    outer loop
      vertex 38 -39.6 0.79999924
      vertex 38 -38.8 0
      vertex 38.227703 -39.583714 0.79999924
    endloop
  endfacet
  facet normal 0.07133611 -0.9974523 0
    outer loop
      vertex 38 -39.6 0.79999924
      vertex 38.227703 -39.583714 0.79999924
      vertex 38.227703 -39.583714 2.5999994
    endloop
  endfacet
  facet normal 0.07133611 -0.9974523 0
    outer loop
      vertex 38 -39.6 0.79999924
      vertex 38.227703 -39.583714 2.5999994
      vertex 38 -39.6 2.5999994
    endloop
  endfacet
  facet normal 0.05041884 -0.7049779 -0.70743483
    outer loop
      vertex 38 -39.6 2.5999994
      vertex 38.227703 -39.583714 2.5999994
      vertex 38.391983 -41.729458 4.75
    endloop
  endfacet
  facet normal 0 0 1
    outer loop
      vertex 38 -41.75 35
      vertex 38.391983 -41.729458 35
      vertex 38.77967 -41.668053 35
    endloop
  endfacet
  facet normal 0 0 1
    outer loop
      vertex 38 -41.75 35
      vertex 38.77967 -41.668053 35
      vertex 39.158813 -41.56646 35
    endloop
  endfacet
  facet normal 0 0 1
    outer loop
      vertex 38 -41.75 35
      vertex 39.158813 -41.56646 35
      vertex 39.52526 -41.425797 35
    endloop
  endfacet
  facet normal 0 0 1
    outer loop
      vertex 38 -41.75 35
      vertex 39.52526 -41.425797 35
      vertex 39.875 -41.247597 35
    endloop
  endfacet
  facet normal 0 0 1
    outer loop
      vertex 38 -41.75 35
      vertex 39.875 -41.247597 35
      vertex 40.204193 -41.033813 35
    endloop
  endfacet
  facet normal 0 0 1
    outer loop
      vertex 38 -41.75 35
      vertex 40.204193 -41.033813 35
      vertex 40.50924 -40.786793 35
    endloop
  endfacet
  facet normal 0 0 1
    outer loop
      vertex 38 -41.75 35
      vertex 40.50924 -40.786793 35
      vertex 40.786793 -40.50924 35
    endloop
  endfacet
  facet normal 0 0 1
    outer loop
      vertex 38 -41.75 35
      vertex 40.786793 -40.50924 35
      vertex 41.033813 -40.204193 35
    endloop
  endfacet
  facet normal 0 0 1
    outer loop
      vertex 38 -41.75 35
      vertex 41.033813 -40.204193 35
      vertex 41.247597 -39.875 35
    endloop
  endfacet
  facet normal 0 0 1
    outer loop
      vertex 38 -41.75 35
      vertex 41.247597 -39.875 35
      vertex 41.425797 -39.52526 35
    endloop
  endfacet
  facet normal 0 0 1
    outer loop
      vertex 38 -41.75 35
      vertex 41.425797 -39.52526 35
      vertex 41.56646 -39.158813 35
    endloop
  endfacet
  facet normal 0 0 1
    outer loop
      vertex 38 -41.75 35
      vertex 41.56646 -39.158813 35
      vertex 41.668053 -38.77967 35
    endloop
  endfacet
  facet normal 0 0 1
    outer loop
      vertex 38 -41.75 35
      vertex 41.668053 -38.77967 35
      vertex 41.729458 -38.391983 35
    endloop
  endfacet
  facet normal 0 0 1
    outer loop
      vertex 38 -41.75 35
      vertex 41.729458 -38.391983 35
      vertex 41.75 -38 35
    endloop
  endfacet
  facet normal 0.037031002 -0.70662165 -0.70662194
    outer loop
      vertex 38 -41.75 4.75
      vertex 38 -39.6 2.5999994
      vertex 38.391983 -41.729458 4.75
    endloop
  endfacet
  facet normal 0.052333884 -0.9986296 0
    outer loop
      vertex 38 -41.75 4.75
      vertex 38.391983 -41.729458 35
      vertex 38 -41.75 35
    endloop
  endfacet
  facet normal 0.052333884 -0.9986296 0
    outer loop
      vertex 38 -41.75 4.75
      vertex 38.391983 -41.729458 4.75
      vertex 38.391983 -41.729458 35
    endloop
  endfacet
  facet normal 0.037032727 -0.70662177 -0.70662177
    outer loop
      vertex 38 0.25 4.75
      vertex 38 2.4000006 2.5999994
      vertex 38.391983 0.2705431 4.75
    endloop
  endfacet
  facet normal 0.050509468 -0.7062038 -0.70620465
    outer loop
      vertex 38 2.4000006 0.79999924
      vertex 38 3.2000008 0
      vertex 38.227703 2.4162865 0.79999924
    endloop
  endfacet
  facet normal 0.07134027 -0.997452 0
    outer loop
      vertex 38 2.4000006 0.79999924
      vertex 38.227703 2.4162865 0.79999924
      vertex 38.227703 2.4162865 2.5999994
    endloop
  endfacet
  facet normal 0.07134027 -0.997452 0
    outer loop
      vertex 38 2.4000006 0.79999924
      vertex 38.227703 2.4162865 2.5999994
      vertex 38 2.4000006 2.5999994
    endloop
  endfacet
  facet normal 0.050421786 -0.70497787 -0.70743465
    outer loop
      vertex 38 2.4000006 2.5999994
      vertex 38.227703 2.4162865 2.5999994
      vertex 38.391983 0.2705431 4.75
    endloop
  endfacet
  facet normal 0 0 -1
    outer loop
      vertex 38 3.2000008 0
      vertex 38 38.8 0
      vertex 38.8 38 0
    endloop
  endfacet
  facet normal 0.09190741 -0.69811434 -0.7100629
    outer loop
      vertex 38 3.2000008 0
      vertex 38.207054 3.2272596 0
      vertex 38.227703 2.4162865 0.79999924
    endloop
  endfacet
  facet normal 0 0 -1
    outer loop
      vertex 38 3.2000008 0
      vertex 38.4 3.3071804 0
      vertex 38.207054 3.2272596 0
    endloop
  endfacet
  facet normal 0 0 -1
    outer loop
      vertex 38 3.2000008 0
      vertex 38.565685 3.4343147 0
      vertex 38.4 3.3071804 0
    endloop
  endfacet
  facet normal 0 0 -1
    outer loop
      vertex 38 3.2000008 0
      vertex 38.692818 3.6000004 0
      vertex 38.565685 3.4343147 0
    endloop
  endfacet
  facet normal 0 0 -1
    outer loop
      vertex 38 3.2000008 0
      vertex 38.77274 3.792945 0
      vertex 38.692818 3.6000004 0
    endloop
  endfacet
  facet normal 0 0 -1
    outer loop
      vertex 38 3.2000008 0
      vertex 38.8 38 0
      vertex 38.8 4 0
    endloop
  endfacet
  facet normal 0 0 -1
    outer loop
      vertex 38 3.2000008 0
      vertex 38.8 4 0
      vertex 38.77274 3.792945 0
    endloop
  endfacet
  facet normal 0.050506547 0.7062043 -0.7062043
    outer loop
      vertex 38 38.8 0
      vertex 38 39.6 0.79999924
      vertex 38.227703 39.583714 0.79999924
    endloop
  endfacet
  facet normal 0 0 -1
    outer loop
      vertex 38 38.8 0
      vertex 38.207054 38.77274 0
      vertex 38.4 38.692818 0
    endloop
  endfacet
  facet normal 0.09191054 0.6981137 -0.71006316
    outer loop
      vertex 38 38.8 0
      vertex 38.227703 39.583714 0.79999924
      vertex 38.207054 38.77274 0
    endloop
  endfacet
  facet normal 0 0 -1
    outer loop
      vertex 38 38.8 0
      vertex 38.4 38.692818 0
      vertex 38.565685 38.565685 0
    endloop
  endfacet
  facet normal 0 0 -1
    outer loop
      vertex 38 38.8 0
      vertex 38.565685 38.565685 0
      vertex 38.692818 38.4 0
    endloop
  endfacet
  facet normal 0 0 -1
    outer loop
      vertex 38 38.8 0
      vertex 38.692818 38.4 0
      vertex 38.77274 38.207054 0
    endloop
  endfacet
  facet normal 0 0 -1
    outer loop
      vertex 38 38.8 0
      vertex 38.77274 38.207054 0
      vertex 38.8 38 0
    endloop
  endfacet
  facet normal 0.07133611 0.9974523 0
    outer loop
      vertex 38 39.6 0.79999924
      vertex 38 39.6 2.5999994
      vertex 38.227703 39.583714 0.79999924
    endloop
  endfacet
  facet normal 0.037031002 0.70662165 -0.70662194
    outer loop
      vertex 38 39.6 2.5999994
      vertex 38 41.75 4.75
      vertex 38.391983 41.729458 4.75
    endloop
  endfacet
  facet normal 0.07133611 0.9974523 0
    outer loop
      vertex 38 39.6 2.5999994
      vertex 38.227703 39.583714 2.5999994
      vertex 38.227703 39.583714 0.79999924
    endloop
  endfacet
  facet normal 0.05041884 0.7049779 -0.70743483
    outer loop
      vertex 38 39.6 2.5999994
      vertex 38.391983 41.729458 4.75
      vertex 38.227703 39.583714 2.5999994
    endloop
  endfacet
  facet normal 0.052333884 0.9986296 0
    outer loop
      vertex 38 41.75 35
      vertex 38.391983 41.729458 35
      vertex 38.391983 41.729458 4.75
    endloop
  endfacet
  facet normal 0 0 1
    outer loop
      vertex 38 41.75 35
      vertex 38.77967 41.668053 35
      vertex 38.391983 41.729458 35
    endloop
  endfacet
  facet normal 0 0 1
    outer loop
      vertex 38 41.75 35
      vertex 39.158813 41.56646 35
      vertex 38.77967 41.668053 35
    endloop
  endfacet
  facet normal 0 0 1
    outer loop
      vertex 38 41.75 35
      vertex 39.52526 41.425797 35
      vertex 39.158813 41.56646 35
    endloop
  endfacet
  facet normal 0 0 1
    outer loop
      vertex 38 41.75 35
      vertex 39.875 41.247597 35
      vertex 39.52526 41.425797 35
    endloop
  endfacet
  facet normal 0 0 1
    outer loop
      vertex 38 41.75 35
      vertex 40.204193 41.033813 35
      vertex 39.875 41.247597 35
    endloop
  endfacet
  facet normal 0 0 1
    outer loop
      vertex 38 41.75 35
      vertex 40.50924 40.786793 35
      vertex 40.204193 41.033813 35
    endloop
  endfacet
  facet normal 0 0 1
    outer loop
      vertex 38 41.75 35
      vertex 40.786793 40.50924 35
      vertex 40.50924 40.786793 35
    endloop
  endfacet
  facet normal 0 0 1
    outer loop
      vertex 38 41.75 35
      vertex 41.033813 40.204193 35
      vertex 40.786793 40.50924 35
    endloop
  endfacet
  facet normal 0 0 1
    outer loop
      vertex 38 41.75 35
      vertex 41.247597 39.875 35
      vertex 41.033813 40.204193 35
    endloop
  endfacet
  facet normal 0 0 1
    outer loop
      vertex 38 41.75 35
      vertex 41.425797 39.52526 35
      vertex 41.247597 39.875 35
    endloop
  endfacet
  facet normal 0 0 1
    outer loop
      vertex 38 41.75 35
      vertex 41.56646 39.158813 35
      vertex 41.425797 39.52526 35
    endloop
  endfacet
  facet normal 0 0 1
    outer loop
      vertex 38 41.75 35
      vertex 41.668053 38.77967 35
      vertex 41.56646 39.158813 35
    endloop
  endfacet
  facet normal 0 0 1
    outer loop
      vertex 38 41.75 35
      vertex 41.729458 38.391983 35
      vertex 41.668053 38.77967 35
    endloop
  endfacet
  facet normal 0 0 1
    outer loop
      vertex 38 41.75 35
      vertex 41.75 38 35
      vertex 41.729458 38.391983 35
    endloop
  endfacet
  facet normal 0.052333884 0.9986296 0
    outer loop
      vertex 38 41.75 4.75
      vertex 38 41.75 35
      vertex 38.391983 41.729458 4.75
    endloop
  endfacet
  facet normal 0.15060243 0.6923177 -0.7057018
    outer loop
      vertex 38.207054 -3.2272596 0
      vertex 38.227703 -2.4162865 0.79999924
      vertex 38.45077 -2.4648113 0.79999924
    endloop
  endfacet
  facet normal 0.24717689 0.6627117 -0.7069065
    outer loop
      vertex 38.207054 -3.2272596 0
      vertex 38.45077 -2.4648113 0.79999924
      vertex 38.664665 -2.544589 0.79999924
    endloop
  endfacet
  facet normal 0.26961267 0.6509079 -0.70966744
    outer loop
      vertex 38.207054 -3.2272596 0
      vertex 38.664665 -2.544589 0.79999924
      vertex 38.4 -3.3071804 0
    endloop
  endfacet
  facet normal 0.2696153 -0.6509065 -0.70966774
    outer loop
      vertex 38.207054 -38.77274 0
      vertex 38.4 -38.692818 0
      vertex 38.664665 -39.45541 0.79999924
    endloop
  endfacet
  facet normal 0.15060812 -0.69231665 -0.70570165
    outer loop
      vertex 38.207054 -38.77274 0
      vertex 38.45077 -39.535187 0.79999924
      vertex 38.227703 -39.583714 0.79999924
    endloop
  endfacet
  facet normal 0.24717441 -0.662713 -0.7069062
    outer loop
      vertex 38.207054 -38.77274 0
      vertex 38.664665 -39.45541 0.79999924
      vertex 38.45077 -39.535187 0.79999924
    endloop
  endfacet
  facet normal 0.26961267 -0.6509079 -0.70966744
    outer loop
      vertex 38.207054 3.2272596 0
      vertex 38.4 3.3071804 0
      vertex 38.664665 2.544589 0.79999924
    endloop
  endfacet
  facet normal 0.15060243 -0.6923177 -0.7057018
    outer loop
      vertex 38.207054 3.2272596 0
      vertex 38.45077 2.4648113 0.79999924
      vertex 38.227703 2.4162865 0.79999924
    endloop
  endfacet
  facet normal 0.24717689 -0.6627117 -0.7069065
    outer loop
      vertex 38.207054 3.2272596 0
      vertex 38.664665 2.544589 0.79999924
      vertex 38.45077 2.4648113 0.79999924
    endloop
  endfacet
  facet normal 0.15060812 0.69231665 -0.70570165
    outer loop
      vertex 38.207054 38.77274 0
      vertex 38.227703 39.583714 0.79999924
      vertex 38.45077 39.535187 0.79999924
    endloop
  endfacet
  facet normal 0.24717441 0.662713 -0.7069062
    outer loop
      vertex 38.207054 38.77274 0
      vertex 38.45077 39.535187 0.79999924
      vertex 38.664665 39.45541 0.79999924
    endloop
  endfacet
  facet normal 0.2696153 0.6509065 -0.70966774
    outer loop
      vertex 38.207054 38.77274 0
      vertex 38.664665 39.45541 0.79999924
      vertex 38.4 38.692818 0
    endloop
  endfacet
  facet normal 0.2125625 0.97714746 0
    outer loop
      vertex 38.227703 -2.4162865 0.79999924
      vertex 38.227703 -2.4162865 2.5999994
      vertex 38.45077 -2.4648113 0.79999924
    endloop
  endfacet
  facet normal 0.110744886 0.69920963 -0.7062871
    outer loop
      vertex 38.227703 -2.4162865 2.5999994
      vertex 38.391983 -0.2705431 4.75
      vertex 38.77967 -0.33194733 4.75
    endloop
  endfacet
  facet normal 0.2125625 0.97714746 0
    outer loop
      vertex 38.227703 -2.4162865 2.5999994
      vertex 38.45077 -2.4648113 2.5999994
      vertex 38.45077 -2.4648113 0.79999924
    endloop
  endfacet
  facet normal 0.15016344 0.69029975 -0.70776916
    outer loop
      vertex 38.227703 -2.4162865 2.5999994
      vertex 38.77967 -0.33194733 4.75
      vertex 38.45077 -2.4648113 2.5999994
    endloop
  endfacet
  facet normal 0.21257047 -0.97714573 0
    outer loop
      vertex 38.227703 -39.583714 0.79999924
      vertex 38.45077 -39.535187 0.79999924
      vertex 38.45077 -39.535187 2.5999994
    endloop
  endfacet
  facet normal 0.21257047 -0.97714573 0
    outer loop
      vertex 38.227703 -39.583714 0.79999924
      vertex 38.45077 -39.535187 2.5999994
      vertex 38.227703 -39.583714 2.5999994
    endloop
  endfacet
  facet normal 0.15016906 -0.6902984 -0.7077693
    outer loop
      vertex 38.227703 -39.583714 2.5999994
      vertex 38.45077 -39.535187 2.5999994
      vertex 38.77967 -41.668053 4.75
    endloop
  endfacet
  facet normal 0.110746555 -0.6992093 -0.70628715
    outer loop
      vertex 38.227703 -39.583714 2.5999994
      vertex 38.77967 -41.668053 4.75
      vertex 38.391983 -41.729458 4.75
    endloop
  endfacet
  facet normal 0.2125625 -0.97714746 0
    outer loop
      vertex 38.227703 2.4162865 0.79999924
      vertex 38.45077 2.4648113 0.79999924
      vertex 38.45077 2.4648113 2.5999994
    endloop
  endfacet
  facet normal 0.2125625 -0.97714746 0
    outer loop
      vertex 38.227703 2.4162865 0.79999924
      vertex 38.45077 2.4648113 2.5999994
      vertex 38.227703 2.4162865 2.5999994
    endloop
  endfacet
  facet normal 0.15016344 -0.69029975 -0.70776916
    outer loop
      vertex 38.227703 2.4162865 2.5999994
      vertex 38.45077 2.4648113 2.5999994
      vertex 38.77967 0.33194733 4.75
    endloop
  endfacet
  facet normal 0.110744886 -0.69920963 -0.7062871
    outer loop
      vertex 38.227703 2.4162865 2.5999994
      vertex 38.77967 0.33194733 4.75
      vertex 38.391983 0.2705431 4.75
    endloop
  endfacet
  facet normal 0.21257047 0.97714573 0
    outer loop
      vertex 38.227703 39.583714 0.79999924
      vertex 38.227703 39.583714 2.5999994
      vertex 38.45077 39.535187 0.79999924
    endloop
  endfacet
  facet normal 0.110746555 0.6992093 -0.70628715
    outer loop
      vertex 38.227703 39.583714 2.5999994
      vertex 38.391983 41.729458 4.75
      vertex 38.77967 41.668053 4.75
    endloop
  endfacet
  facet normal 0.21257047 0.97714573 0
    outer loop
      vertex 38.227703 39.583714 2.5999994
      vertex 38.45077 39.535187 2.5999994
      vertex 38.45077 39.535187 0.79999924
    endloop
  endfacet
  facet normal 0.15016906 0.6902984 -0.7077693
    outer loop
      vertex 38.227703 39.583714 2.5999994
      vertex 38.77967 41.668053 4.75
      vertex 38.45077 39.535187 2.5999994
    endloop
  endfacet
  facet normal 0 0 -1
    outer loop
      vertex 38.391983 -0.2705431 4.75
      vertex 38.391983 0.2705431 4.75
      vertex 38.77967 0.33194733 4.75
    endloop
  endfacet
  facet normal 0 0 -1
    outer loop
      vertex 38.391983 -0.2705431 4.75
      vertex 38.77967 0.33194733 4.75
      vertex 38.77967 -0.33194733 4.75
    endloop
  endfacet
  facet normal 0.15643816 -0.98768777 0
    outer loop
      vertex 38.391983 -41.729458 4.75
      vertex 38.77967 -41.668053 35
      vertex 38.391983 -41.729458 35
    endloop
  endfacet
  facet normal 0.15643816 -0.98768777 0
    outer loop
      vertex 38.391983 -41.729458 4.75
      vertex 38.77967 -41.668053 4.75
      vertex 38.77967 -41.668053 35
    endloop
  endfacet
  facet normal 0.15643816 0.98768777 0
    outer loop
      vertex 38.391983 41.729458 35
      vertex 38.77967 41.668053 35
      vertex 38.77967 41.668053 4.75
    endloop
  endfacet
  facet normal 0.15643816 0.98768777 0
    outer loop
      vertex 38.391983 41.729458 4.75
      vertex 38.391983 41.729458 35
      vertex 38.77967 41.668053 4.75
    endloop
  endfacet
  facet normal 0.339699 0.6221064 -0.70539933
    outer loop
      vertex 38.4 -3.3071804 0
      vertex 38.664665 -2.544589 0.79999924
      vertex 38.865025 -2.6539946 0.79999924
    endloop
  endfacet
  facet normal 0.42333686 0.5655076 -0.7078044
    outer loop
      vertex 38.4 -3.3071804 0
      vertex 38.865025 -2.6539946 0.79999924
      vertex 39.047775 -2.790801 0.79999924
    endloop
  endfacet
  facet normal 0.42938277 0.5595794 -0.70887333
    outer loop
      vertex 38.4 -3.3071804 0
      vertex 39.047775 -2.790801 0.79999924
      vertex 38.565685 -3.4343147 0
    endloop
  endfacet
  facet normal 0.4293789 -0.5595827 -0.70887303
    outer loop
      vertex 38.4 -38.692818 0
      vertex 38.565685 -38.565685 0
      vertex 39.047775 -39.209198 0.79999924
    endloop
  endfacet
  facet normal 0.33969882 -0.6221061 -0.70539975
    outer loop
      vertex 38.4 -38.692818 0
      vertex 38.865025 -39.346004 0.79999924
      vertex 38.664665 -39.45541 0.79999924
    endloop
  endfacet
  facet normal 0.42333665 -0.56550735 -0.70780474
    outer loop
      vertex 38.4 -38.692818 0
      vertex 39.047775 -39.209198 0.79999924
      vertex 38.865025 -39.346004 0.79999924
    endloop
  endfacet
  facet normal 0.42938277 -0.5595794 -0.70887333
    outer loop
      vertex 38.4 3.3071804 0
      vertex 38.565685 3.4343147 0
      vertex 39.047775 2.790801 0.79999924
    endloop
  endfacet
  facet normal 0.339699 -0.6221064 -0.70539933
    outer loop
      vertex 38.4 3.3071804 0
      vertex 38.865025 2.6539946 0.79999924
      vertex 38.664665 2.544589 0.79999924
    endloop
  endfacet
  facet normal 0.42333686 -0.5655076 -0.7078044
    outer loop
      vertex 38.4 3.3071804 0
      vertex 39.047775 2.790801 0.79999924
      vertex 38.865025 2.6539946 0.79999924
    endloop
  endfacet
  facet normal 0.33969882 0.6221061 -0.70539975
    outer loop
      vertex 38.4 38.692818 0
      vertex 38.664665 39.45541 0.79999924
      vertex 38.865025 39.346004 0.79999924
    endloop
  endfacet
  facet normal 0.42333665 0.56550735 -0.70780474
    outer loop
      vertex 38.4 38.692818 0
      vertex 38.865025 39.346004 0.79999924
      vertex 39.047775 39.209198 0.79999924
    endloop
  endfacet
  facet normal 0.4293789 0.5595827 -0.70887303
    outer loop
      vertex 38.4 38.692818 0
      vertex 39.047775 39.209198 0.79999924
      vertex 38.565685 38.565685 0
    endloop
  endfacet
  facet normal 0.34946194 0.93695056 0
    outer loop
      vertex 38.45077 -2.4648113 0.79999924
      vertex 38.45077 -2.4648113 2.5999994
      vertex 38.664665 -2.544589 0.79999924
    endloop
  endfacet
  facet normal 0.34946194 0.93695056 0
    outer loop
      vertex 38.45077 -2.4648113 2.5999994
      vertex 38.664665 -2.544589 2.5999994
      vertex 38.664665 -2.544589 0.79999924
    endloop
  endfacet
  facet normal 0.18321247 0.6837575 -0.7063348
    outer loop
      vertex 38.45077 -2.4648113 2.5999994
      vertex 38.77967 -0.33194733 4.75
      vertex 39.158813 -0.43353844 4.75
    endloop
  endfacet
  facet normal 0.2470704 0.6624262 -0.70721126
    outer loop
      vertex 38.45077 -2.4648113 2.5999994
      vertex 39.158813 -0.43353844 4.75
      vertex 38.664665 -2.544589 2.5999994
    endloop
  endfacet
  facet normal 0.34945828 -0.93695194 0
    outer loop
      vertex 38.45077 -39.535187 0.79999924
      vertex 38.664665 -39.45541 0.79999924
      vertex 38.664665 -39.45541 2.5999994
    endloop
  endfacet
  facet normal 0.34945828 -0.93695194 0
    outer loop
      vertex 38.45077 -39.535187 0.79999924
      vertex 38.664665 -39.45541 2.5999994
      vertex 38.45077 -39.535187 2.5999994
    endloop
  endfacet
  facet normal 0.2470678 -0.6624271 -0.7072113
    outer loop
      vertex 38.45077 -39.535187 2.5999994
      vertex 38.664665 -39.45541 2.5999994
      vertex 39.158813 -41.56646 4.75
    endloop
  endfacet
  facet normal 0.18321565 -0.68375653 -0.70633495
    outer loop
      vertex 38.45077 -39.535187 2.5999994
      vertex 39.158813 -41.56646 4.75
      vertex 38.77967 -41.668053 4.75
    endloop
  endfacet
  facet normal 0.34946194 -0.93695056 0
    outer loop
      vertex 38.45077 2.4648113 0.79999924
      vertex 38.664665 2.544589 0.79999924
      vertex 38.664665 2.544589 2.5999994
    endloop
  endfacet
  facet normal 0.34946194 -0.93695056 0
    outer loop
      vertex 38.45077 2.4648113 0.79999924
      vertex 38.664665 2.544589 2.5999994
      vertex 38.45077 2.4648113 2.5999994
    endloop
  endfacet
  facet normal 0.2470704 -0.6624262 -0.70721126
    outer loop
      vertex 38.45077 2.4648113 2.5999994
      vertex 38.664665 2.544589 2.5999994
      vertex 39.158813 0.43353844 4.75
    endloop
  endfacet
  facet normal 0.18321247 -0.6837575 -0.7063348
    outer loop
      vertex 38.45077 2.4648113 2.5999994
      vertex 39.158813 0.43353844 4.75
      vertex 38.77967 0.33194733 4.75
    endloop
  endfacet
  facet normal 0.34945828 0.93695194 0
    outer loop
      vertex 38.45077 39.535187 0.79999924
      vertex 38.45077 39.535187 2.5999994
      vertex 38.664665 39.45541 0.79999924
    endloop
  endfacet
  facet normal 0.34945828 0.93695194 0
    outer loop
      vertex 38.45077 39.535187 2.5999994
      vertex 38.664665 39.45541 2.5999994
      vertex 38.664665 39.45541 0.79999924
    endloop
  endfacet
  facet normal 0.18321565 0.68375653 -0.70633495
    outer loop
      vertex 38.45077 39.535187 2.5999994
      vertex 38.77967 41.668053 4.75
      vertex 39.158813 41.56646 4.75
    endloop
  endfacet
  facet normal 0.2470678 0.6624271 -0.7072113
    outer loop
      vertex 38.45077 39.535187 2.5999994
      vertex 39.158813 41.56646 4.75
      vertex 38.664665 39.45541 2.5999994
    endloop
  endfacet
  facet normal 0.5012758 0.5012758 -0.70529795
    outer loop
      vertex 38.565685 -3.4343147 0
      vertex 39.047775 -2.790801 0.79999924
      vertex 39.209198 -2.9522238 0.79999924
    endloop
  endfacet
  facet normal 0.5595849 0.42937562 -0.7088733
    outer loop
      vertex 38.565685 -3.4343147 0
      vertex 39.209198 -2.9522238 0.79999924
      vertex 38.692818 -3.6000004 0
    endloop
  endfacet
  facet normal 0.5595827 -0.4293789 -0.70887303
    outer loop
      vertex 38.565685 -38.565685 0
      vertex 38.692818 -38.4 0
      vertex 39.209198 -39.047775 0.79999924
    endloop
  endfacet
  facet normal 0.50127596 -0.50127596 -0.70529765
    outer loop
      vertex 38.565685 -38.565685 0
      vertex 39.209198 -39.047775 0.79999924
      vertex 39.047775 -39.209198 0.79999924
    endloop
  endfacet
  facet normal 0.5595849 -0.42937562 -0.7088733
    outer loop
      vertex 38.565685 3.4343147 0
      vertex 38.692818 3.6000004 0
      vertex 39.209198 2.9522238 0.79999924
    endloop
  endfacet
  facet normal 0.5012758 -0.5012758 -0.70529795
    outer loop
      vertex 38.565685 3.4343147 0
      vertex 39.209198 2.9522238 0.79999924
      vertex 39.047775 2.790801 0.79999924
    endloop
  endfacet
  facet normal 0.50127596 0.50127596 -0.70529765
    outer loop
      vertex 38.565685 38.565685 0
      vertex 39.047775 39.209198 0.79999924
      vertex 39.209198 39.047775 0.79999924
    endloop
  endfacet
  facet normal 0.5595827 0.4293789 -0.70887303
    outer loop
      vertex 38.565685 38.565685 0
      vertex 39.209198 39.047775 0.79999924
      vertex 38.692818 38.4 0
    endloop
  endfacet
  facet normal 0.4792525 0.8776771 0
    outer loop
      vertex 38.664665 -2.544589 0.79999924
      vertex 38.664665 -2.544589 2.5999994
      vertex 38.865025 -2.6539946 0.79999924
    endloop
  endfacet
  facet normal 0.4792525 0.8776771 0
    outer loop
      vertex 38.664665 -2.544589 2.5999994
      vertex 38.865025 -2.6539946 2.5999994
      vertex 38.865025 -2.6539946 0.79999924
    endloop
  endfacet
  facet normal 0.25352848 0.6604597 -0.7067647
    outer loop
      vertex 38.664665 -2.544589 2.5999994
      vertex 39.158813 -0.43353844 4.75
      vertex 39.52526 -0.5742054 4.75
    endloop
  endfacet
  facet normal 0.3212924 0.6305761 -0.70650196
    outer loop
      vertex 38.664665 -2.544589 2.5999994
      vertex 39.52526 -0.5742054 4.75
      vertex 39.875 -0.75240517 4.75
    endloop
  endfacet
  facet normal 0.33864522 0.62017655 -0.7076019
    outer loop
      vertex 38.664665 -2.544589 2.5999994
      vertex 39.875 -0.75240517 4.75
      vertex 38.865025 -2.6539946 2.5999994
    endloop
  endfacet
  facet normal 0.4792525 -0.8776771 0
    outer loop
      vertex 38.664665 -39.45541 0.79999924
      vertex 38.865025 -39.346004 0.79999924
      vertex 38.865025 -39.346004 2.5999994
    endloop
  endfacet
  facet normal 0.4792525 -0.8776771 0
    outer loop
      vertex 38.664665 -39.45541 0.79999924
      vertex 38.865025 -39.346004 2.5999994
      vertex 38.664665 -39.45541 2.5999994
    endloop
  endfacet
  facet normal 0.33864504 -0.6201762 -0.7076023
    outer loop
      vertex 38.664665 -39.45541 2.5999994
      vertex 38.865025 -39.346004 2.5999994
      vertex 39.875 -41.247597 4.75
    endloop
  endfacet
  facet normal 0.25352237 -0.6604617 -0.706765
    outer loop
      vertex 38.664665 -39.45541 2.5999994
      vertex 39.52526 -41.425797 4.75
      vertex 39.158813 -41.56646 4.75
    endloop
  endfacet
  facet normal 0.32129222 -0.6305757 -0.7065024
    outer loop
      vertex 38.664665 -39.45541 2.5999994
      vertex 39.875 -41.247597 4.75
      vertex 39.52526 -41.425797 4.75
    endloop
  endfacet
  facet normal 0.4792525 -0.8776771 0
    outer loop
      vertex 38.664665 2.544589 0.79999924
      vertex 38.865025 2.6539946 0.79999924
      vertex 38.865025 2.6539946 2.5999994
    endloop
  endfacet
  facet normal 0.4792525 -0.8776771 0
    outer loop
      vertex 38.664665 2.544589 0.79999924
      vertex 38.865025 2.6539946 2.5999994
      vertex 38.664665 2.544589 2.5999994
    endloop
  endfacet
  facet normal 0.33864522 -0.62017655 -0.7076019
    outer loop
      vertex 38.664665 2.544589 2.5999994
      vertex 38.865025 2.6539946 2.5999994
      vertex 39.875 0.75240517 4.75
    endloop
  endfacet
  facet normal 0.25352848 -0.6604597 -0.7067647
    outer loop
      vertex 38.664665 2.544589 2.5999994
      vertex 39.52526 0.5742054 4.75
      vertex 39.158813 0.43353844 4.75
    endloop
  endfacet
  facet normal 0.3212924 -0.6305761 -0.70650196
    outer loop
      vertex 38.664665 2.544589 2.5999994
      vertex 39.875 0.75240517 4.75
      vertex 39.52526 0.5742054 4.75
    endloop
  endfacet
  facet normal 0.4792525 0.8776771 0
    outer loop
      vertex 38.664665 39.45541 0.79999924
      vertex 38.664665 39.45541 2.5999994
      vertex 38.865025 39.346004 0.79999924
    endloop
  endfacet
  facet normal 0.4792525 0.8776771 0
    outer loop
      vertex 38.664665 39.45541 2.5999994
      vertex 38.865025 39.346004 2.5999994
      vertex 38.865025 39.346004 0.79999924
    endloop
  endfacet
  facet normal 0.25352237 0.6604617 -0.706765
    outer loop
      vertex 38.664665 39.45541 2.5999994
      vertex 39.158813 41.56646 4.75
      vertex 39.52526 41.425797 4.75
    endloop
  endfacet
  facet normal 0.32129222 0.6305757 -0.7065024
    outer loop
      vertex 38.664665 39.45541 2.5999994
      vertex 39.52526 41.425797 4.75
      vertex 39.875 41.247597 4.75
    endloop
  endfacet
  facet normal 0.33864504 0.6201762 -0.7076023
    outer loop
      vertex 38.664665 39.45541 2.5999994
      vertex 39.875 41.247597 4.75
      vertex 38.865025 39.346004 2.5999994
    endloop
  endfacet
  facet normal 0.565508 0.42333493 -0.7078052
    outer loop
      vertex 38.692818 -3.6000004 0
      vertex 39.209198 -2.9522238 0.79999924
      vertex 39.346004 -3.1349754 0.79999924
    endloop
  endfacet
  facet normal 0.6221072 0.33969623 -0.7054
    outer loop
      vertex 38.692818 -3.6000004 0
      vertex 39.346004 -3.1349754 0.79999924
      vertex 39.45541 -3.3353367 0.79999924
    endloop
  endfacet
  facet normal 0.6509052 0.26961875 -0.7096677
    outer loop
      vertex 38.692818 -3.6000004 0
      vertex 39.45541 -3.3353367 0.79999924
      vertex 38.77274 -3.792945 0
    endloop
  endfacet
  facet normal 0.6509065 -0.2696153 -0.70966774
    outer loop
      vertex 38.692818 -38.4 0
      vertex 38.77274 -38.207054 0
      vertex 39.45541 -38.664665 0.79999924
    endloop
  endfacet
  facet normal 0.56550735 -0.42333665 -0.70780474
    outer loop
      vertex 38.692818 -38.4 0
      vertex 39.346004 -38.865025 0.79999924
      vertex 39.209198 -39.047775 0.79999924
    endloop
  endfacet
  facet normal 0.6221061 -0.33969882 -0.70539975
    outer loop
      vertex 38.692818 -38.4 0
      vertex 39.45541 -38.664665 0.79999924
      vertex 39.346004 -38.865025 0.79999924
    endloop
  endfacet
  facet normal 0.6509052 -0.26961875 -0.7096677
    outer loop
      vertex 38.692818 3.6000004 0
      vertex 38.77274 3.792945 0
      vertex 39.45541 3.3353367 0.79999924
    endloop
  endfacet
  facet normal 0.565508 -0.42333493 -0.7078052
    outer loop
      vertex 38.692818 3.6000004 0
      vertex 39.346004 3.1349754 0.79999924
      vertex 39.209198 2.9522238 0.79999924
    endloop
  endfacet
  facet normal 0.6221072 -0.33969623 -0.7054
    outer loop
      vertex 38.692818 3.6000004 0
      vertex 39.45541 3.3353367 0.79999924
      vertex 39.346004 3.1349754 0.79999924
    endloop
  endfacet
  facet normal 0.56550735 0.42333665 -0.70780474
    outer loop
      vertex 38.692818 38.4 0
      vertex 39.209198 39.047775 0.79999924
      vertex 39.346004 38.865025 0.79999924
    endloop
  endfacet
  facet normal 0.6221061 0.33969882 -0.70539975
    outer loop
      vertex 38.692818 38.4 0
      vertex 39.346004 38.865025 0.79999924
      vertex 39.45541 38.664665 0.79999924
    endloop
  endfacet
  facet normal 0.6509065 0.2696153 -0.70966774
    outer loop
      vertex 38.692818 38.4 0
      vertex 39.45541 38.664665 0.79999924
      vertex 38.77274 38.207054 0
    endloop
  endfacet
  facet normal 0.66271245 0.24717641 -0.70690596
    outer loop
      vertex 38.77274 -3.792945 0
      vertex 39.45541 -3.3353367 0.79999924
      vertex 39.535187 -3.5492287 0.79999924
    endloop
  endfacet
  facet normal 0.6923168 0.15060814 -0.7057016
    outer loop
      vertex 38.77274 -3.792945 0
      vertex 39.535187 -3.5492287 0.79999924
      vertex 39.583714 -3.772297 0.79999924
    endloop
  endfacet
  facet normal 0.6981138 0.09191013 -0.71006316
    outer loop
      vertex 38.77274 -3.792945 0
      vertex 39.583714 -3.772297 0.79999924
      vertex 38.8 -4 0
    endloop
  endfacet
  facet normal 0.6981137 -0.09191054 -0.71006316
    outer loop
      vertex 38.77274 -38.207054 0
      vertex 38.8 -38 0
      vertex 39.583714 -38.227703 0.79999924
    endloop
  endfacet
  facet normal 0.662713 -0.24717441 -0.7069062
    outer loop
      vertex 38.77274 -38.207054 0
      vertex 39.535187 -38.45077 0.79999924
      vertex 39.45541 -38.664665 0.79999924
    endloop
  endfacet
  facet normal 0.69231665 -0.15060812 -0.70570165
    outer loop
      vertex 38.77274 -38.207054 0
      vertex 39.583714 -38.227703 0.79999924
      vertex 39.535187 -38.45077 0.79999924
    endloop
  endfacet
  facet normal 0.6981138 -0.09191013 -0.71006316
    outer loop
      vertex 38.77274 3.792945 0
      vertex 38.8 4 0
      vertex 39.583714 3.772297 0.79999924
    endloop
  endfacet
  facet normal 0.66271245 -0.24717641 -0.70690596
    outer loop
      vertex 38.77274 3.792945 0
      vertex 39.535187 3.5492287 0.79999924
      vertex 39.45541 3.3353367 0.79999924
    endloop
  endfacet
  facet normal 0.6923168 -0.15060814 -0.7057016
    outer loop
      vertex 38.77274 3.792945 0
      vertex 39.583714 3.772297 0.79999924
      vertex 39.535187 3.5492287 0.79999924
    endloop
  endfacet
  facet normal 0.662713 0.24717441 -0.7069062
    outer loop
      vertex 38.77274 38.207054 0
      vertex 39.45541 38.664665 0.79999924
      vertex 39.535187 38.45077 0.79999924
    endloop
  endfacet
  facet normal 0.69231665 0.15060812 -0.70570165
    outer loop
      vertex 38.77274 38.207054 0
      vertex 39.535187 38.45077 0.79999924
      vertex 39.583714 38.227703 0.79999924
    endloop
  endfacet
  facet normal 0.6981137 0.09191054 -0.71006316
    outer loop
      vertex 38.77274 38.207054 0
      vertex 39.583714 38.227703 0.79999924
      vertex 38.8 38 0
    endloop
  endfacet
  facet normal 0 0 -1
    outer loop
      vertex 38.77967 -0.33194733 4.75
      vertex 38.77967 0.33194733 4.75
      vertex 39.158813 0.43353844 4.75
    endloop
  endfacet
  facet normal 0 0 -1
    outer loop
      vertex 38.77967 -0.33194733 4.75
      vertex 39.158813 0.43353844 4.75
      vertex 39.158813 -0.43353844 4.75
    endloop
  endfacet
  facet normal 0.25882384 -0.96592456 0
    outer loop
      vertex 38.77967 -41.668053 4.75
      vertex 39.158813 -41.56646 35
      vertex 38.77967 -41.668053 35
    endloop
  endfacet
  facet normal 0.25882384 -0.96592456 0
    outer loop
      vertex 38.77967 -41.668053 4.75
      vertex 39.158813 -41.56646 4.75
      vertex 39.158813 -41.56646 35
    endloop
  endfacet
  facet normal 0.25882384 0.96592456 0
    outer loop
      vertex 38.77967 41.668053 35
      vertex 39.158813 41.56646 35
      vertex 39.158813 41.56646 4.75
    endloop
  endfacet
  facet normal 0.25882384 0.96592456 0
    outer loop
      vertex 38.77967 41.668053 4.75
      vertex 38.77967 41.668053 35
      vertex 39.158813 41.56646 4.75
    endloop
  endfacet
  facet normal 0.70710677 0 -0.70710677
    outer loop
      vertex 38.8 -38 0
      vertex 38.8 -4 0
      vertex 39.6 -38 0.79999924
    endloop
  endfacet
  facet normal 0.7062043 -0.050506547 -0.7062043
    outer loop
      vertex 38.8 -38 0
      vertex 39.6 -38 0.79999924
      vertex 39.583714 -38.227703 0.79999924
    endloop
  endfacet
  facet normal 0.7062043 0.050506547 -0.7062043
    outer loop
      vertex 38.8 -4 0
      vertex 39.583714 -3.772297 0.79999924
      vertex 39.6 -4 0.79999924
    endloop
  endfacet
  facet normal 0.70710677 0 -0.70710677
    outer loop
      vertex 38.8 -4 0
      vertex 39.6 -4 0.79999924
      vertex 39.6 -38 0.79999924
    endloop
  endfacet
  facet normal 0.7062043 0.050506547 -0.7062043
    outer loop
      vertex 38.8 38 0
      vertex 39.583714 38.227703 0.79999924
      vertex 39.6 38 0.79999924
    endloop
  endfacet
  facet normal 0.70710677 0 -0.70710677
    outer loop
      vertex 38.8 38 0
      vertex 39.6 38 0.79999924
      vertex 39.6 4 0.79999924
    endloop
  endfacet
  facet normal 0.70710677 0 -0.70710677
    outer loop
      vertex 38.8 4 0
      vertex 38.8 38 0
      vertex 39.6 4 0.79999924
    endloop
  endfacet
  facet normal 0.7062043 -0.050506547 -0.7062043
    outer loop
      vertex 38.8 4 0
      vertex 39.6 4 0.79999924
      vertex 39.583714 3.772297 0.79999924
    endloop
  endfacet
  facet normal 0.59928054 0.8005391 0
    outer loop
      vertex 38.865025 -2.6539946 0.79999924
      vertex 38.865025 -2.6539946 2.5999994
      vertex 39.047775 -2.790801 0.79999924
    endloop
  endfacet
  facet normal 0.59928054 0.8005391 0
    outer loop
      vertex 38.865025 -2.6539946 2.5999994
      vertex 39.047775 -2.790801 2.5999994
      vertex 39.047775 -2.790801 0.79999924
    endloop
  endfacet
  facet normal 0.38557804 0.59373575 -0.706263
    outer loop
      vertex 38.865025 -2.6539946 2.5999994
      vertex 39.875 -0.75240517 4.75
      vertex 40.204193 -0.9661865 4.75
    endloop
  endfacet
  facet normal 0.42339152 0.5655806 -0.70771337
    outer loop
      vertex 38.865025 -2.6539946 2.5999994
      vertex 40.204193 -0.9661865 4.75
      vertex 39.047775 -2.790801 2.5999994
    endloop
  endfacet
  facet normal 0.59928054 -0.8005391 0
    outer loop
      vertex 38.865025 -39.346004 0.79999924
      vertex 39.047775 -39.209198 0.79999924
      vertex 39.047775 -39.209198 2.5999994
    endloop
  endfacet
  facet normal 0.59928054 -0.8005391 0
    outer loop
      vertex 38.865025 -39.346004 0.79999924
      vertex 39.047775 -39.209198 2.5999994
      vertex 38.865025 -39.346004 2.5999994
    endloop
  endfacet
  facet normal 0.42339143 -0.5655805 -0.7077135
    outer loop
      vertex 38.865025 -39.346004 2.5999994
      vertex 39.047775 -39.209198 2.5999994
      vertex 40.204193 -41.033813 4.75
    endloop
  endfacet
  facet normal 0.3855803 -0.59373397 -0.7062633
    outer loop
      vertex 38.865025 -39.346004 2.5999994
      vertex 40.204193 -41.033813 4.75
      vertex 39.875 -41.247597 4.75
    endloop
  endfacet
  facet normal 0.59928054 -0.8005391 0
    outer loop
      vertex 38.865025 2.6539946 0.79999924
      vertex 39.047775 2.790801 0.79999924
      vertex 39.047775 2.790801 2.5999994
    endloop
  endfacet
  facet normal 0.59928054 -0.8005391 0
    outer loop
      vertex 38.865025 2.6539946 0.79999924
      vertex 39.047775 2.790801 2.5999994
      vertex 38.865025 2.6539946 2.5999994
    endloop
  endfacet
  facet normal 0.42339152 -0.5655806 -0.70771337
    outer loop
      vertex 38.865025 2.6539946 2.5999994
      vertex 39.047775 2.790801 2.5999994
      vertex 40.204193 0.9661865 4.75
    endloop
  endfacet
  facet normal 0.38557804 -0.59373575 -0.706263
    outer loop
      vertex 38.865025 2.6539946 2.5999994
      vertex 40.204193 0.9661865 4.75
      vertex 39.875 0.75240517 4.75
    endloop
  endfacet
  facet normal 0.59928054 0.8005391 0
    outer loop
      vertex 38.865025 39.346004 0.79999924
      vertex 38.865025 39.346004 2.5999994
      vertex 39.047775 39.209198 0.79999924
    endloop
  endfacet
  facet normal 0.59928054 0.8005391 0
    outer loop
      vertex 38.865025 39.346004 2.5999994
      vertex 39.047775 39.209198 2.5999994
      vertex 39.047775 39.209198 0.79999924
    endloop
  endfacet
  facet normal 0.3855803 0.59373397 -0.7062633
    outer loop
      vertex 38.865025 39.346004 2.5999994
      vertex 39.875 41.247597 4.75
      vertex 40.204193 41.033813 4.75
    endloop
  endfacet
  facet normal 0.42339143 0.5655805 -0.7077135
    outer loop
      vertex 38.865025 39.346004 2.5999994
      vertex 40.204193 41.033813 4.75
      vertex 39.047775 39.209198 2.5999994
    endloop
  endfacet
  facet normal 0.70710677 0.70710677 0
    outer loop
      vertex 39.047775 -2.790801 0.79999924
      vertex 39.047775 -2.790801 2.5999994
      vertex 39.209198 -2.9522238 2.5999994
    endloop
  endfacet
  facet normal 0.70710677 0.70710677 0
    outer loop
      vertex 39.047775 -2.790801 0.79999924
      vertex 39.209198 -2.9522238 2.5999994
      vertex 39.209198 -2.9522238 0.79999924
    endloop
  endfacet
  facet normal 0.4454361 0.55006933 -0.70640665
    outer loop
      vertex 39.047775 -2.790801 2.5999994
      vertex 40.204193 -0.9661865 4.75
      vertex 40.50924 -1.2132072 4.75
    endloop
  endfacet
  facet normal 0.50012356 0.50012356 -0.706932
    outer loop
      vertex 39.047775 -2.790801 2.5999994
      vertex 40.50924 -1.2132072 4.75
      vertex 39.209198 -2.9522238 2.5999994
    endloop
  endfacet
  facet normal 0.70710677 -0.70710677 0
    outer loop
      vertex 39.047775 -39.209198 0.79999924
      vertex 39.209198 -39.047775 0.79999924
      vertex 39.047775 -39.209198 2.5999994
    endloop
  endfacet
  facet normal 0.70710677 -0.70710677 0
    outer loop
      vertex 39.047775 -39.209198 2.5999994
      vertex 39.209198 -39.047775 0.79999924
      vertex 39.209198 -39.047775 2.5999994
    endloop
  endfacet
  facet normal 0.50012344 -0.50012344 -0.7069321
    outer loop
      vertex 39.047775 -39.209198 2.5999994
      vertex 39.209198 -39.047775 2.5999994
      vertex 40.50924 -40.786793 4.75
    endloop
  endfacet
  facet normal 0.445436 -0.5500693 -0.70640683
    outer loop
      vertex 39.047775 -39.209198 2.5999994
      vertex 40.50924 -40.786793 4.75
      vertex 40.204193 -41.033813 4.75
    endloop
  endfacet
  facet normal 0.70710677 -0.70710677 0
    outer loop
      vertex 39.047775 2.790801 0.79999924
      vertex 39.209198 2.9522238 0.79999924
      vertex 39.047775 2.790801 2.5999994
    endloop
  endfacet
  facet normal 0.70710677 -0.70710677 0
    outer loop
      vertex 39.047775 2.790801 2.5999994
      vertex 39.209198 2.9522238 0.79999924
      vertex 39.209198 2.9522238 2.5999994
    endloop
  endfacet
  facet normal 0.50012356 -0.50012356 -0.706932
    outer loop
      vertex 39.047775 2.790801 2.5999994
      vertex 39.209198 2.9522238 2.5999994
      vertex 40.50924 1.2132072 4.75
    endloop
  endfacet
  facet normal 0.4454361 -0.55006933 -0.70640665
    outer loop
      vertex 39.047775 2.790801 2.5999994
      vertex 40.50924 1.2132072 4.75
      vertex 40.204193 0.9661865 4.75
    endloop
  endfacet
  facet normal 0.70710677 0.70710677 0
    outer loop
      vertex 39.047775 39.209198 0.79999924
      vertex 39.047775 39.209198 2.5999994
      vertex 39.209198 39.047775 2.5999994
    endloop
  endfacet
  facet normal 0.70710677 0.70710677 0
    outer loop
      vertex 39.047775 39.209198 0.79999924
      vertex 39.209198 39.047775 2.5999994
      vertex 39.209198 39.047775 0.79999924
    endloop
  endfacet
  facet normal 0.445436 0.5500693 -0.70640683
    outer loop
      vertex 39.047775 39.209198 2.5999994
      vertex 40.204193 41.033813 4.75
      vertex 40.50924 40.786793 4.75
    endloop
  endfacet
  facet normal 0.50012344 0.50012344 -0.7069321
    outer loop
      vertex 39.047775 39.209198 2.5999994
      vertex 40.50924 40.786793 4.75
      vertex 39.209198 39.047775 2.5999994
    endloop
  endfacet
  facet normal 0 0 -1
    outer loop
      vertex 39.158813 -0.43353844 4.75
      vertex 39.158813 0.43353844 4.75
      vertex 39.52526 0.5742054 4.75
    endloop
  endfacet
  facet normal 0 0 -1
    outer loop
      vertex 39.158813 -0.43353844 4.75
      vertex 39.52526 0.5742054 4.75
      vertex 39.52526 -0.5742054 4.75
    endloop
  endfacet
  facet normal 0.35836163 -0.93358284 0
    outer loop
      vertex 39.158813 -41.56646 4.75
      vertex 39.52526 -41.425797 35
      vertex 39.158813 -41.56646 35
    endloop
  endfacet
  facet normal 0.35836163 -0.93358284 0
    outer loop
      vertex 39.158813 -41.56646 4.75
      vertex 39.52526 -41.425797 4.75
      vertex 39.52526 -41.425797 35
    endloop
  endfacet
  facet normal 0.35836163 0.93358284 0
    outer loop
      vertex 39.158813 41.56646 35
      vertex 39.52526 41.425797 35
      vertex 39.52526 41.425797 4.75
    endloop
  endfacet
  facet normal 0.35836163 0.93358284 0
    outer loop
      vertex 39.158813 41.56646 4.75
      vertex 39.158813 41.56646 35
      vertex 39.52526 41.425797 4.75
    endloop
  endfacet
  facet normal 0.80054057 0.59927857 0
    outer loop
      vertex 39.209198 -2.9522238 0.79999924
      vertex 39.209198 -2.9522238 2.5999994
      vertex 39.346004 -3.1349754 2.5999994
    endloop
  endfacet
  facet normal 0.80054057 0.59927857 0
    outer loop
      vertex 39.209198 -2.9522238 0.79999924
      vertex 39.346004 -3.1349754 2.5999994
      vertex 39.346004 -3.1349754 0.79999924
    endloop
  endfacet
  facet normal 0.50012356 0.50012356 -0.706932
    outer loop
      vertex 39.209198 -2.9522238 2.5999994
      vertex 40.50924 -1.2132072 4.75
      vertex 40.786793 -1.4907608 4.75
    endloop
  endfacet
  facet normal 0.5500686 0.4454369 -0.7064067
    outer loop
      vertex 39.209198 -2.9522238 2.5999994
      vertex 40.786793 -1.4907608 4.75
      vertex 41.033813 -1.7958059 4.75
    endloop
  endfacet
  facet normal 0.5655815 0.42339 -0.70771354
    outer loop
      vertex 39.209198 -2.9522238 2.5999994
      vertex 41.033813 -1.7958059 4.75
      vertex 39.346004 -3.1349754 2.5999994
    endloop
  endfacet
  facet normal 0.8005391 -0.59928054 0
    outer loop
      vertex 39.209198 -39.047775 0.79999924
      vertex 39.346004 -38.865025 0.79999924
      vertex 39.209198 -39.047775 2.5999994
    endloop
  endfacet
  facet normal 0.8005391 -0.59928054 0
    outer loop
      vertex 39.209198 -39.047775 2.5999994
      vertex 39.346004 -38.865025 0.79999924
      vertex 39.346004 -38.865025 2.5999994
    endloop
  endfacet
  facet normal 0.5655805 -0.42339143 -0.7077135
    outer loop
      vertex 39.209198 -39.047775 2.5999994
      vertex 39.346004 -38.865025 2.5999994
      vertex 41.033813 -40.204193 4.75
    endloop
  endfacet
  facet normal 0.50012344 -0.50012344 -0.7069321
    outer loop
      vertex 39.209198 -39.047775 2.5999994
      vertex 40.786793 -40.50924 4.75
      vertex 40.50924 -40.786793 4.75
    endloop
  endfacet
  facet normal 0.5500693 -0.445436 -0.70640683
    outer loop
      vertex 39.209198 -39.047775 2.5999994
      vertex 41.033813 -40.204193 4.75
      vertex 40.786793 -40.50924 4.75
    endloop
  endfacet
  facet normal 0.80054057 -0.59927857 0
    outer loop
      vertex 39.209198 2.9522238 0.79999924
      vertex 39.346004 3.1349754 0.79999924
      vertex 39.209198 2.9522238 2.5999994
    endloop
  endfacet
  facet normal 0.80054057 -0.59927857 0
    outer loop
      vertex 39.209198 2.9522238 2.5999994
      vertex 39.346004 3.1349754 0.79999924
      vertex 39.346004 3.1349754 2.5999994
    endloop
  endfacet
  facet normal 0.5655815 -0.42339 -0.70771354
    outer loop
      vertex 39.209198 2.9522238 2.5999994
      vertex 39.346004 3.1349754 2.5999994
      vertex 41.033813 1.7958059 4.75
    endloop
  endfacet
  facet normal 0.50012356 -0.50012356 -0.706932
    outer loop
      vertex 39.209198 2.9522238 2.5999994
      vertex 40.786793 1.4907608 4.75
      vertex 40.50924 1.2132072 4.75
    endloop
  endfacet
  facet normal 0.5500686 -0.4454369 -0.7064067
    outer loop
      vertex 39.209198 2.9522238 2.5999994
      vertex 41.033813 1.7958059 4.75
      vertex 40.786793 1.4907608 4.75
    endloop
  endfacet
  facet normal 0.8005391 0.59928054 0
    outer loop
      vertex 39.209198 39.047775 0.79999924
      vertex 39.209198 39.047775 2.5999994
      vertex 39.346004 38.865025 2.5999994
    endloop
  endfacet
  facet normal 0.8005391 0.59928054 0
    outer loop
      vertex 39.209198 39.047775 0.79999924
      vertex 39.346004 38.865025 2.5999994
      vertex 39.346004 38.865025 0.79999924
    endloop
  endfacet
  facet normal 0.50012344 0.50012344 -0.7069321
    outer loop
      vertex 39.209198 39.047775 2.5999994
      vertex 40.50924 40.786793 4.75
      vertex 40.786793 40.50924 4.75
    endloop
  endfacet
  facet normal 0.5500693 0.445436 -0.70640683
    outer loop
      vertex 39.209198 39.047775 2.5999994
      vertex 40.786793 40.50924 4.75
      vertex 41.033813 40.204193 4.75
    endloop
  endfacet
  facet normal 0.5655805 0.42339143 -0.7077135
    outer loop
      vertex 39.209198 39.047775 2.5999994
      vertex 41.033813 40.204193 4.75
      vertex 39.346004 38.865025 2.5999994
    endloop
  endfacet
  facet normal 0.877679 0.47924897 0
    outer loop
      vertex 39.346004 -3.1349754 0.79999924
      vertex 39.346004 -3.1349754 2.5999994
      vertex 39.45541 -3.3353367 2.5999994
    endloop
  endfacet
  facet normal 0.877679 0.47924897 0
    outer loop
      vertex 39.346004 -3.1349754 0.79999924
      vertex 39.45541 -3.3353367 2.5999994
      vertex 39.45541 -3.3353367 0.79999924
    endloop
  endfacet
  facet normal 0.59373444 0.3855795 -0.70626336
    outer loop
      vertex 39.346004 -3.1349754 2.5999994
      vertex 41.033813 -1.7958059 4.75
      vertex 41.247597 -2.125 4.75
    endloop
  endfacet
  facet normal 0.6201775 0.33864254 -0.7076023
    outer loop
      vertex 39.346004 -3.1349754 2.5999994
      vertex 41.247597 -2.125 4.75
      vertex 39.45541 -3.3353367 2.5999994
    endloop
  endfacet
  facet normal 0.8776771 -0.4792525 0
    outer loop
      vertex 39.346004 -38.865025 0.79999924
      vertex 39.45541 -38.664665 0.79999924
      vertex 39.346004 -38.865025 2.5999994
    endloop
  endfacet
  facet normal 0.8776771 -0.4792525 0
    outer loop
      vertex 39.346004 -38.865025 2.5999994
      vertex 39.45541 -38.664665 0.79999924
      vertex 39.45541 -38.664665 2.5999994
    endloop
  endfacet
  facet normal 0.6201762 -0.33864504 -0.7076023
    outer loop
      vertex 39.346004 -38.865025 2.5999994
      vertex 39.45541 -38.664665 2.5999994
      vertex 41.247597 -39.875 4.75
    endloop
  endfacet
  facet normal 0.59373397 -0.3855803 -0.7062633
    outer loop
      vertex 39.346004 -38.865025 2.5999994
      vertex 41.247597 -39.875 4.75
      vertex 41.033813 -40.204193 4.75
    endloop
  endfacet
  facet normal 0.877679 -0.47924897 0
    outer loop
      vertex 39.346004 3.1349754 0.79999924
      vertex 39.45541 3.3353367 0.79999924
      vertex 39.346004 3.1349754 2.5999994
    endloop
  endfacet
  facet normal 0.877679 -0.47924897 0
    outer loop
      vertex 39.346004 3.1349754 2.5999994
      vertex 39.45541 3.3353367 0.79999924
      vertex 39.45541 3.3353367 2.5999994
    endloop
  endfacet
  facet normal 0.62017757 -0.33864257 -0.70760226
    outer loop
      vertex 39.346004 3.1349754 2.5999994
      vertex 39.45541 3.3353367 2.5999994
      vertex 41.247597 2.125001 4.75
    endloop
  endfacet
  facet normal 0.593735 -0.38557872 -0.7062633
    outer loop
      vertex 39.346004 3.1349754 2.5999994
      vertex 41.247597 2.125001 4.75
      vertex 41.033813 1.7958059 4.75
    endloop
  endfacet
  facet normal 0.8776771 0.4792525 0
    outer loop
      vertex 39.346004 38.865025 0.79999924
      vertex 39.346004 38.865025 2.5999994
      vertex 39.45541 38.664665 2.5999994
    endloop
  endfacet
  facet normal 0.8776771 0.4792525 0
    outer loop
      vertex 39.346004 38.865025 0.79999924
      vertex 39.45541 38.664665 2.5999994
      vertex 39.45541 38.664665 0.79999924
    endloop
  endfacet
  facet normal 0.59373397 0.3855803 -0.7062633
    outer loop
      vertex 39.346004 38.865025 2.5999994
      vertex 41.033813 40.204193 4.75
      vertex 41.247597 39.875 4.75
    endloop
  endfacet
  facet normal 0.6201762 0.33864504 -0.7076023
    outer loop
      vertex 39.346004 38.865025 2.5999994
      vertex 41.247597 39.875 4.75
      vertex 39.45541 38.664665 2.5999994
    endloop
  endfacet
  facet normal 0.9369509 0.34946102 0
    outer loop
      vertex 39.45541 -3.3353367 0.79999924
      vertex 39.45541 -3.3353367 2.5999994
      vertex 39.535187 -3.5492287 2.5999994
    endloop
  endfacet
  facet normal 0.9369509 0.34946102 0
    outer loop
      vertex 39.45541 -3.3353367 0.79999924
      vertex 39.535187 -3.5492287 2.5999994
      vertex 39.535187 -3.5492287 0.79999924
    endloop
  endfacet
  facet normal 0.6305752 0.32129282 -0.70650256
    outer loop
      vertex 39.45541 -3.3353367 2.5999994
      vertex 41.247597 -2.125 4.75
      vertex 41.425797 -2.4747381 4.75
    endloop
  endfacet
  facet normal 0.6604618 0.25352174 -0.7067651
    outer loop
      vertex 39.45541 -3.3353367 2.5999994
      vertex 41.425797 -2.4747381 4.75
      vertex 41.56646 -2.8411865 4.75
    endloop
  endfacet
  facet normal 0.6624264 0.24706975 -0.70721126
    outer loop
      vertex 39.45541 -3.3353367 2.5999994
      vertex 41.56646 -2.8411865 4.75
      vertex 39.535187 -3.5492287 2.5999994
    endloop
  endfacet
  facet normal 0.93695194 -0.34945828 0
    outer loop
      vertex 39.45541 -38.664665 0.79999924
      vertex 39.535187 -38.45077 0.79999924
      vertex 39.45541 -38.664665 2.5999994
    endloop
  endfacet
  facet normal 0.93695194 -0.34945828 0
    outer loop
      vertex 39.45541 -38.664665 2.5999994
      vertex 39.535187 -38.45077 0.79999924
      vertex 39.535187 -38.45077 2.5999994
    endloop
  endfacet
  facet normal 0.6624271 -0.2470678 -0.7072113
    outer loop
      vertex 39.45541 -38.664665 2.5999994
      vertex 39.535187 -38.45077 2.5999994
      vertex 41.56646 -39.158813 4.75
    endloop
  endfacet
  facet normal 0.6305757 -0.32129222 -0.7065024
    outer loop
      vertex 39.45541 -38.664665 2.5999994
      vertex 41.425797 -39.52526 4.75
      vertex 41.247597 -39.875 4.75
    endloop
  endfacet
  facet normal 0.6604617 -0.25352237 -0.706765
    outer loop
      vertex 39.45541 -38.664665 2.5999994
      vertex 41.56646 -39.158813 4.75
      vertex 41.425797 -39.52526 4.75
    endloop
  endfacet
  facet normal 0.9369509 -0.34946102 0
    outer loop
      vertex 39.45541 3.3353367 0.79999924
      vertex 39.535187 3.5492287 0.79999924
      vertex 39.45541 3.3353367 2.5999994
    endloop
  endfacet
  facet normal 0.9369509 -0.34946102 0
    outer loop
      vertex 39.45541 3.3353367 2.5999994
      vertex 39.535187 3.5492287 0.79999924
      vertex 39.535187 3.5492287 2.5999994
    endloop
  endfacet
  facet normal 0.6624264 -0.24706975 -0.70721126
    outer loop
      vertex 39.45541 3.3353367 2.5999994
      vertex 39.535187 3.5492287 2.5999994
      vertex 41.56646 2.8411865 4.75
    endloop
  endfacet
  facet normal 0.6305748 -0.32129353 -0.70650256
    outer loop
      vertex 39.45541 3.3353367 2.5999994
      vertex 41.425797 2.4747381 4.75
      vertex 41.247597 2.125001 4.75
    endloop
  endfacet
  facet normal 0.6604618 -0.25352174 -0.7067651
    outer loop
      vertex 39.45541 3.3353367 2.5999994
      vertex 41.56646 2.8411865 4.75
      vertex 41.425797 2.4747381 4.75
    endloop
  endfacet
  facet normal 0.93695194 0.34945828 0
    outer loop
      vertex 39.45541 38.664665 0.79999924
      vertex 39.45541 38.664665 2.5999994
      vertex 39.535187 38.45077 2.5999994
    endloop
  endfacet
  facet normal 0.93695194 0.34945828 0
    outer loop
      vertex 39.45541 38.664665 0.79999924
      vertex 39.535187 38.45077 2.5999994
      vertex 39.535187 38.45077 0.79999924
    endloop
  endfacet
  facet normal 0.6305757 0.32129222 -0.7065024
    outer loop
      vertex 39.45541 38.664665 2.5999994
      vertex 41.247597 39.875 4.75
      vertex 41.425797 39.52526 4.75
    endloop
  endfacet
  facet normal 0.6604617 0.25352237 -0.706765
    outer loop
      vertex 39.45541 38.664665 2.5999994
      vertex 41.425797 39.52526 4.75
      vertex 41.56646 39.158813 4.75
    endloop
  endfacet
  facet normal 0.6624271 0.2470678 -0.7072113
    outer loop
      vertex 39.45541 38.664665 2.5999994
      vertex 41.56646 39.158813 4.75
      vertex 39.535187 38.45077 2.5999994
    endloop
  endfacet
  facet normal 0 0 -1
    outer loop
      vertex 39.52526 -0.5742054 4.75
      vertex 39.52526 0.5742054 4.75
      vertex 39.875 0.75240517 4.75
    endloop
  endfacet
  facet normal 0 0 -1
    outer loop
      vertex 39.52526 -0.5742054 4.75
      vertex 39.875 0.75240517 4.75
      vertex 39.875 -0.75240517 4.75
    endloop
  endfacet
  facet normal 0.4539881 -0.8910078 0
    outer loop
      vertex 39.52526 -41.425797 4.75
      vertex 39.875 -41.247597 35
      vertex 39.52526 -41.425797 35
    endloop
  endfacet
  facet normal 0.4539881 -0.8910078 0
    outer loop
      vertex 39.52526 -41.425797 4.75
      vertex 39.875 -41.247597 4.75
      vertex 39.875 -41.247597 35
    endloop
  endfacet
  facet normal 0.4539881 0.8910078 0
    outer loop
      vertex 39.52526 41.425797 35
      vertex 39.875 41.247597 35
      vertex 39.875 41.247597 4.75
    endloop
  endfacet
  facet normal 0.4539881 0.8910078 0
    outer loop
      vertex 39.52526 41.425797 4.75
      vertex 39.52526 41.425797 35
      vertex 39.875 41.247597 4.75
    endloop
  endfacet
  facet normal 0.97714573 0.21257047 0
    outer loop
      vertex 39.535187 -3.5492287 0.79999924
      vertex 39.535187 -3.5492287 2.5999994
      vertex 39.583714 -3.772297 2.5999994
    endloop
  endfacet
  facet normal 0.97714573 0.21257047 0
    outer loop
      vertex 39.535187 -3.5492287 0.79999924
      vertex 39.583714 -3.772297 2.5999994
      vertex 39.583714 -3.772297 0.79999924
    endloop
  endfacet
  facet normal 0.68375677 0.1832148 -0.7063349
    outer loop
      vertex 39.535187 -3.5492287 2.5999994
      vertex 41.56646 -2.8411865 4.75
      vertex 41.668053 -3.2203312 4.75
    endloop
  endfacet
  facet normal 0.69029844 0.15016907 -0.7077692
    outer loop
      vertex 39.535187 -3.5492287 2.5999994
      vertex 41.668053 -3.2203312 4.75
      vertex 39.583714 -3.772297 2.5999994
    endloop
  endfacet
  facet normal 0.97714573 -0.21257047 0
    outer loop
      vertex 39.535187 -38.45077 0.79999924
      vertex 39.583714 -38.227703 0.79999924
      vertex 39.535187 -38.45077 2.5999994
    endloop
  endfacet
  facet normal 0.97714573 -0.21257047 0
    outer loop
      vertex 39.535187 -38.45077 2.5999994
      vertex 39.583714 -38.227703 0.79999924
      vertex 39.583714 -38.227703 2.5999994
    endloop
  endfacet
  facet normal 0.6902984 -0.15016906 -0.7077693
    outer loop
      vertex 39.535187 -38.45077 2.5999994
      vertex 39.583714 -38.227703 2.5999994
      vertex 41.668053 -38.77967 4.75
    endloop
  endfacet
  facet normal 0.68375653 -0.18321565 -0.70633495
    outer loop
      vertex 39.535187 -38.45077 2.5999994
      vertex 41.668053 -38.77967 4.75
      vertex 41.56646 -39.158813 4.75
    endloop
  endfacet
  facet normal 0.97714573 -0.21257047 0
    outer loop
      vertex 39.535187 3.5492287 0.79999924
      vertex 39.583714 3.772297 0.79999924
      vertex 39.535187 3.5492287 2.5999994
    endloop
  endfacet
  facet normal 0.97714573 -0.21257047 0
    outer loop
      vertex 39.535187 3.5492287 2.5999994
      vertex 39.583714 3.772297 0.79999924
      vertex 39.583714 3.772297 2.5999994
    endloop
  endfacet
  facet normal 0.69029844 -0.15016907 -0.7077692
    outer loop
      vertex 39.535187 3.5492287 2.5999994
      vertex 39.583714 3.772297 2.5999994
      vertex 41.668053 3.2203312 4.75
    endloop
  endfacet
  facet normal 0.68375677 -0.1832148 -0.7063349
    outer loop
      vertex 39.535187 3.5492287 2.5999994
      vertex 41.668053 3.2203312 4.75
      vertex 41.56646 2.8411865 4.75
    endloop
  endfacet
  facet normal 0.97714573 0.21257047 0
    outer loop
      vertex 39.535187 38.45077 0.79999924
      vertex 39.535187 38.45077 2.5999994
      vertex 39.583714 38.227703 2.5999994
    endloop
  endfacet
  facet normal 0.97714573 0.21257047 0
    outer loop
      vertex 39.535187 38.45077 0.79999924
      vertex 39.583714 38.227703 2.5999994
      vertex 39.583714 38.227703 0.79999924
    endloop
  endfacet
  facet normal 0.68375653 0.18321565 -0.70633495
    outer loop
      vertex 39.535187 38.45077 2.5999994
      vertex 41.56646 39.158813 4.75
      vertex 41.668053 38.77967 4.75
    endloop
  endfacet
  facet normal 0.6902984 0.15016906 -0.7077693
    outer loop
      vertex 39.535187 38.45077 2.5999994
      vertex 41.668053 38.77967 4.75
      vertex 39.583714 38.227703 2.5999994
    endloop
  endfacet
  facet normal 0.9974523 0.07133611 0
    outer loop
      vertex 39.583714 -3.772297 0.79999924
      vertex 39.583714 -3.772297 2.5999994
      vertex 39.6 -4 2.5999994
    endloop
  endfacet
  facet normal 0.9974523 0.07133611 0
    outer loop
      vertex 39.583714 -3.772297 0.79999924
      vertex 39.6 -4 2.5999994
      vertex 39.6 -4 0.79999924
    endloop
  endfacet
  facet normal 0.69920933 0.11074656 -0.70628715
    outer loop
      vertex 39.583714 -3.772297 2.5999994
      vertex 41.668053 -3.2203312 4.75
      vertex 41.729458 -3.6080189 4.75
    endloop
  endfacet
  facet normal 0.704978 0.05041884 -0.7074348
    outer loop
      vertex 39.583714 -3.772297 2.5999994
      vertex 41.729458 -3.6080189 4.75
      vertex 39.6 -4 2.5999994
    endloop
  endfacet
  facet normal 0.9974523 -0.07133611 0
    outer loop
      vertex 39.583714 -38.227703 0.79999924
      vertex 39.6 -38 0.79999924
      vertex 39.583714 -38.227703 2.5999994
    endloop
  endfacet
  facet normal 0.9974523 -0.07133611 0
    outer loop
      vertex 39.583714 -38.227703 2.5999994
      vertex 39.6 -38 0.79999924
      vertex 39.6 -38 2.5999994
    endloop
  endfacet
  facet normal 0.7049779 -0.05041884 -0.70743483
    outer loop
      vertex 39.583714 -38.227703 2.5999994
      vertex 39.6 -38 2.5999994
      vertex 41.729458 -38.391983 4.75
    endloop
  endfacet
  facet normal 0.6992093 -0.110746555 -0.70628715
    outer loop
      vertex 39.583714 -38.227703 2.5999994
      vertex 41.729458 -38.391983 4.75
      vertex 41.668053 -38.77967 4.75
    endloop
  endfacet
  facet normal 0.9974523 -0.07133611 0
    outer loop
      vertex 39.583714 3.772297 0.79999924
      vertex 39.6 4 0.79999924
      vertex 39.583714 3.772297 2.5999994
    endloop
  endfacet
  facet normal 0.9974523 -0.07133611 0
    outer loop
      vertex 39.583714 3.772297 2.5999994
      vertex 39.6 4 0.79999924
      vertex 39.6 4 2.5999994
    endloop
  endfacet
  facet normal 0.704978 -0.05041884 -0.7074348
    outer loop
      vertex 39.583714 3.772297 2.5999994
      vertex 39.6 4 2.5999994
      vertex 41.729458 3.6080189 4.75
    endloop
  endfacet
  facet normal 0.69920933 -0.11074656 -0.70628715
    outer loop
      vertex 39.583714 3.772297 2.5999994
      vertex 41.729458 3.6080189 4.75
      vertex 41.668053 3.2203312 4.75
    endloop
  endfacet
  facet normal 0.9974523 0.07133611 0
    outer loop
      vertex 39.583714 38.227703 0.79999924
      vertex 39.583714 38.227703 2.5999994
      vertex 39.6 38 2.5999994
    endloop
  endfacet
  facet normal 0.9974523 0.07133611 0
    outer loop
      vertex 39.583714 38.227703 0.79999924
      vertex 39.6 38 2.5999994
      vertex 39.6 38 0.79999924
    endloop
  endfacet
  facet normal 0.6992093 0.110746555 -0.70628715
    outer loop
      vertex 39.583714 38.227703 2.5999994
      vertex 41.668053 38.77967 4.75
      vertex 41.729458 38.391983 4.75
    endloop
  endfacet
  facet normal 0.7049779 0.05041884 -0.70743483
    outer loop
      vertex 39.583714 38.227703 2.5999994
      vertex 41.729458 38.391983 4.75
      vertex 39.6 38 2.5999994
    endloop
  endfacet
  facet normal 1 0 0
    outer loop
      vertex 39.6 -38 0.79999924
      vertex 39.6 -4 0.79999924
      vertex 39.6 -38 2.5999994
    endloop
  endfacet
  facet normal 1 0 0
    outer loop
      vertex 39.6 -38 2.5999994
      vertex 39.6 -4 0.79999924
      vertex 39.6 -4 2.5999994
    endloop
  endfacet
  facet normal 0.70710665 0 -0.70710695
    outer loop
      vertex 39.6 -38 2.5999994
      vertex 39.6 -4 2.5999994
      vertex 41.75 -4 4.75
    endloop
  endfacet
  facet normal 0.70662165 -0.037031002 -0.70662194
    outer loop
      vertex 39.6 -38 2.5999994
      vertex 41.75 -38 4.75
      vertex 41.729458 -38.391983 4.75
    endloop
  endfacet
  facet normal 0.70710665 0 -0.70710695
    outer loop
      vertex 39.6 -38 2.5999994
      vertex 41.75 -4 4.75
      vertex 41.75 -38 4.75
    endloop
  endfacet
  facet normal 0.70662165 0.03703118 -0.70662194
    outer loop
      vertex 39.6 -4 2.5999994
      vertex 41.729458 -3.6080189 4.75
      vertex 41.75 -4 4.75
    endloop
  endfacet
  facet normal 0.70662165 0.037031002 -0.70662194
    outer loop
      vertex 39.6 38 2.5999994
      vertex 41.729458 38.391983 4.75
      vertex 41.75 38 4.75
    endloop
  endfacet
  facet normal 1 0 0
    outer loop
      vertex 39.6 4 0.79999924
      vertex 39.6 38 0.79999924
      vertex 39.6 4 2.5999994
    endloop
  endfacet
  facet normal 1 0 0
    outer loop
      vertex 39.6 4 2.5999994
      vertex 39.6 38 0.79999924
      vertex 39.6 38 2.5999994
    endloop
  endfacet
  facet normal 0.70710665 0 -0.70710695
    outer loop
      vertex 39.6 4 2.5999994
      vertex 39.6 38 2.5999994
      vertex 41.75 38 4.75
    endloop
  endfacet
  facet normal 0.70710665 0 -0.70710695
    outer loop
      vertex 39.6 4 2.5999994
      vertex 41.75 38 4.75
      vertex 41.75 4 4.75
    endloop
  endfacet
  facet normal 0.70662165 -0.03703118 -0.70662194
    outer loop
      vertex 39.6 4 2.5999994
      vertex 41.75 4 4.75
      vertex 41.729458 3.6080189 4.75
    endloop
  endfacet
  facet normal 0 0 -1
    outer loop
      vertex 39.875 -0.75240517 4.75
      vertex 39.875 0.75240517 4.75
      vertex 40.204193 0.9661865 4.75
    endloop
  endfacet
  facet normal 0 0 -1
    outer loop
      vertex 39.875 -0.75240517 4.75
      vertex 40.204193 0.9661865 4.75
      vertex 40.204193 -0.9661865 4.75
    endloop
  endfacet
  facet normal 0.544644 -0.83866733 0
    outer loop
      vertex 39.875 -41.247597 4.75
      vertex 40.204193 -41.033813 35
      vertex 39.875 -41.247597 35
    endloop
  endfacet
  facet normal 0.544644 -0.83866733 0
    outer loop
      vertex 39.875 -41.247597 4.75
      vertex 40.204193 -41.033813 4.75
      vertex 40.204193 -41.033813 35
    endloop
  endfacet
  facet normal 0.544644 0.83866733 0
    outer loop
      vertex 39.875 41.247597 35
      vertex 40.204193 41.033813 35
      vertex 40.204193 41.033813 4.75
    endloop
  endfacet
  facet normal 0.544644 0.83866733 0
    outer loop
      vertex 39.875 41.247597 4.75
      vertex 39.875 41.247597 35
      vertex 40.204193 41.033813 4.75
    endloop
  endfacet
  facet normal 0 0.70710677 -0.70710677
    outer loop
      vertex 4 -0.25 4.75
      vertex 38 -0.25 4.75
      vertex 38 -2.4000006 2.5999994
    endloop
  endfacet
  facet normal 0 0 -1
    outer loop
      vertex 4 -0.25 4.75
      vertex 38 0.25 4.75
      vertex 38 -0.25 4.75
    endloop
  endfacet
  facet normal 0 0 -1
    outer loop
      vertex 4 -0.25 4.75
      vertex 4 0.25 4.75
      vertex 38 0.25 4.75
    endloop
  endfacet
  facet normal 0 1 0
    outer loop
      vertex 4 -2.4000006 0.79999924
      vertex 4 -2.4000006 2.5999994
      vertex 38 -2.4000006 0.79999924
    endloop
  endfacet
  facet normal 0 1 0
    outer loop
      vertex 4 -2.4000006 2.5999994
      vertex 38 -2.4000006 2.5999994
      vertex 38 -2.4000006 0.79999924
    endloop
  endfacet
  facet normal 0 0.70710677 -0.70710677
    outer loop
      vertex 4 -2.4000006 2.5999994
      vertex 4 -0.25 4.75
      vertex 38 -2.4000006 2.5999994
    endloop
  endfacet
  facet normal 0 0.70710635 -0.7071072
    outer loop
      vertex 4 -3.2000008 0
      vertex 38 -2.4000006 0.79999924
      vertex 38 -3.2000008 0
    endloop
  endfacet
  facet normal 0 0.70710635 -0.7071072
    outer loop
      vertex 4 -3.2000008 0
      vertex 4 -2.4000006 0.79999924
      vertex 38 -2.4000006 0.79999924
    endloop
  endfacet
  facet normal 0 0 -1
    outer loop
      vertex 4 -38.8 0
      vertex 38 -3.2000008 0
      vertex 38 -38.8 0
    endloop
  endfacet
  facet normal 0 -0.70710677 -0.70710677
    outer loop
      vertex 4 -38.8 0
      vertex 38 -38.8 0
      vertex 38 -39.6 0.79999924
    endloop
  endfacet
  facet normal 0 0 -1
    outer loop
      vertex 4 -38.8 0
      vertex 4 -3.2000008 0
      vertex 38 -3.2000008 0
    endloop
  endfacet
  facet normal 0 -1 0
    outer loop
      vertex 4 -39.6 0.79999924
      vertex 38 -39.6 0.79999924
      vertex 38 -39.6 2.5999994
    endloop
  endfacet
  facet normal 0 -1 0
    outer loop
      vertex 4 -39.6 0.79999924
      vertex 38 -39.6 2.5999994
      vertex 4 -39.6 2.5999994
    endloop
  endfacet
  facet normal 0 -0.70710677 -0.70710677
    outer loop
      vertex 4 -39.6 0.79999924
      vertex 4 -38.8 0
      vertex 38 -39.6 0.79999924
    endloop
  endfacet
  facet normal 0 -0.70710665 -0.70710695
    outer loop
      vertex 4 -41.75 4.75
      vertex 38 -39.6 2.5999994
      vertex 38 -41.75 4.75
    endloop
  endfacet
  facet normal 0 -1 0
    outer loop
      vertex 4 -41.75 4.75
      vertex 38 -41.75 4.75
      vertex 38 -41.75 35
    endloop
  endfacet
  facet normal 0 -0.70710665 -0.70710695
    outer loop
      vertex 4 -41.75 4.75
      vertex 4 -39.6 2.5999994
      vertex 38 -39.6 2.5999994
    endloop
  endfacet
  facet normal 0 -0.70710677 -0.70710677
    outer loop
      vertex 4 0.25 4.75
      vertex 4 2.4000006 2.5999994
      vertex 38 0.25 4.75
    endloop
  endfacet
  facet normal 0 -1 0
    outer loop
      vertex 4 2.4000006 0.79999924
      vertex 38 2.4000006 0.79999924
      vertex 38 2.4000006 2.5999994
    endloop
  endfacet
  facet normal 0 -1 0
    outer loop
      vertex 4 2.4000006 0.79999924
      vertex 38 2.4000006 2.5999994
      vertex 4 2.4000006 2.5999994
    endloop
  endfacet
  facet normal 0 -0.70710635 -0.7071072
    outer loop
      vertex 4 2.4000006 0.79999924
      vertex 38 3.2000008 0
      vertex 38 2.4000006 0.79999924
    endloop
  endfacet
  facet normal 0 -0.70710635 -0.7071072
    outer loop
      vertex 4 2.4000006 0.79999924
      vertex 4 3.2000008 0
      vertex 38 3.2000008 0
    endloop
  endfacet
  facet normal 0 -0.70710677 -0.70710677
    outer loop
      vertex 4 2.4000006 2.5999994
      vertex 38 2.4000006 2.5999994
      vertex 38 0.25 4.75
    endloop
  endfacet
  facet normal 0 0 -1
    outer loop
      vertex 4 3.2000008 0
      vertex 38 38.8 0
      vertex 38 3.2000008 0
    endloop
  endfacet
  facet normal 0 0 -1
    outer loop
      vertex 4 3.2000008 0
      vertex 4 38.8 0
      vertex 38 38.8 0
    endloop
  endfacet
  facet normal 0 0.70710677 -0.70710677
    outer loop
      vertex 4 38.8 0
      vertex 4 39.6 0.79999924
      vertex 38 38.8 0
    endloop
  endfacet
  facet normal 0 0.70710677 -0.70710677
    outer loop
      vertex 4 39.6 0.79999924
      vertex 38 39.6 0.79999924
      vertex 38 38.8 0
    endloop
  endfacet
  facet normal 0 1 0
    outer loop
      vertex 4 39.6 0.79999924
      vertex 4 39.6 2.5999994
      vertex 38 39.6 0.79999924
    endloop
  endfacet
  facet normal 0 1 0
    outer loop
      vertex 4 39.6 2.5999994
      vertex 38 39.6 2.5999994
      vertex 38 39.6 0.79999924
    endloop
  endfacet
  facet normal 0 0.70710665 -0.70710695
    outer loop
      vertex 4 39.6 2.5999994
      vertex 38 41.75 4.75
      vertex 38 39.6 2.5999994
    endloop
  endfacet
  facet normal 0 0.70710665 -0.70710695
    outer loop
      vertex 4 39.6 2.5999994
      vertex 4 41.75 4.75
      vertex 38 41.75 4.75
    endloop
  endfacet
  facet normal 0 1 0
    outer loop
      vertex 4 41.75 4.75
      vertex 38 41.75 35
      vertex 38 41.75 4.75
    endloop
  endfacet
  facet normal 0 0 -1
    outer loop
      vertex 40.204193 -0.9661865 4.75
      vertex 40.204193 0.9661865 4.75
      vertex 40.50924 1.2132072 4.75
    endloop
  endfacet
  facet normal 0 0 -1
    outer loop
      vertex 40.204193 -0.9661865 4.75
      vertex 40.50924 1.2132072 4.75
      vertex 40.50924 -1.2132072 4.75
    endloop
  endfacet
  facet normal 0.62931925 -0.7771469 0
    outer loop
      vertex 40.204193 -41.033813 4.75
      vertex 40.50924 -40.786793 35
      vertex 40.204193 -41.033813 35
    endloop
  endfacet
  facet normal 0.62931925 -0.7771469 0
    outer loop
      vertex 40.204193 -41.033813 4.75
      vertex 40.50924 -40.786793 4.75
      vertex 40.50924 -40.786793 35
    endloop
  endfacet
  facet normal 0.62931925 0.7771469 0
    outer loop
      vertex 40.204193 41.033813 35
      vertex 40.50924 40.786793 35
      vertex 40.50924 40.786793 4.75
    endloop
  endfacet
  facet normal 0.62931925 0.7771469 0
    outer loop
      vertex 40.204193 41.033813 4.75
      vertex 40.204193 41.033813 35
      vertex 40.50924 40.786793 4.75
    endloop
  endfacet
  facet normal 0 0 -1
    outer loop
      vertex 40.50924 -1.2132072 4.75
      vertex 40.50924 1.2132072 4.75
      vertex 40.786793 1.4907608 4.75
    endloop
  endfacet
  facet normal 0 0 -1
    outer loop
      vertex 40.50924 -1.2132072 4.75
      vertex 40.786793 1.4907608 4.75
      vertex 40.786793 -1.4907608 4.75
    endloop
  endfacet
  facet normal 0.70710677 -0.70710677 0
    outer loop
      vertex 40.50924 -40.786793 35
      vertex 40.786793 -40.50924 4.75
      vertex 40.786793 -40.50924 35
    endloop
  endfacet
  facet normal 0.70710677 -0.70710677 0
    outer loop
      vertex 40.50924 -40.786793 4.75
      vertex 40.786793 -40.50924 4.75
      vertex 40.50924 -40.786793 35
    endloop
  endfacet
  facet normal 0.70710677 0.70710677 0
    outer loop
      vertex 40.50924 40.786793 4.75
      vertex 40.50924 40.786793 35
      vertex 40.786793 40.50924 35
    endloop
  endfacet
  facet normal 0.70710677 0.70710677 0
    outer loop
      vertex 40.50924 40.786793 4.75
      vertex 40.786793 40.50924 35
      vertex 40.786793 40.50924 4.75
    endloop
  endfacet
  facet normal 0 0 -1
    outer loop
      vertex 40.786793 -1.4907608 4.75
      vertex 40.786793 1.4907608 4.75
      vertex 41.033813 1.7958059 4.75
    endloop
  endfacet
  facet normal 0 0 -1
    outer loop
      vertex 40.786793 -1.4907608 4.75
      vertex 41.033813 1.7958059 4.75
      vertex 41.033813 -1.7958059 4.75
    endloop
  endfacet
  facet normal 0.7771469 -0.62931925 0
    outer loop
      vertex 40.786793 -40.50924 35
      vertex 41.033813 -40.204193 4.75
      vertex 41.033813 -40.204193 35
    endloop
  endfacet
  facet normal 0.7771469 -0.62931925 0
    outer loop
      vertex 40.786793 -40.50924 4.75
      vertex 41.033813 -40.204193 4.75
      vertex 40.786793 -40.50924 35
    endloop
  endfacet
  facet normal 0.7771469 0.62931925 0
    outer loop
      vertex 40.786793 40.50924 4.75
      vertex 40.786793 40.50924 35
      vertex 41.033813 40.204193 35
    endloop
  endfacet
  facet normal 0.7771469 0.62931925 0
    outer loop
      vertex 40.786793 40.50924 4.75
      vertex 41.033813 40.204193 35
      vertex 41.033813 40.204193 4.75
    endloop
  endfacet
  facet normal 0 0 -1
    outer loop
      vertex 41.033813 -1.7958059 4.75
      vertex 41.033813 1.7958059 4.75
      vertex 41.247597 2.125001 4.75
    endloop
  endfacet
  facet normal 0 0 -1
    outer loop
      vertex 41.033813 -1.7958059 4.75
      vertex 41.247597 2.125001 4.75
      vertex 41.247597 -2.125 4.75
    endloop
  endfacet
  facet normal 0.83866733 -0.544644 0
    outer loop
      vertex 41.033813 -40.204193 35
      vertex 41.247597 -39.875 4.75
      vertex 41.247597 -39.875 35
    endloop
  endfacet
  facet normal 0.83866733 -0.544644 0
    outer loop
      vertex 41.033813 -40.204193 4.75
      vertex 41.247597 -39.875 4.75
      vertex 41.033813 -40.204193 35
    endloop
  endfacet
  facet normal 0.83866733 0.544644 0
    outer loop
      vertex 41.033813 40.204193 4.75
      vertex 41.033813 40.204193 35
      vertex 41.247597 39.875 35
    endloop
  endfacet
  facet normal 0.83866733 0.544644 0
    outer loop
      vertex 41.033813 40.204193 4.75
      vertex 41.247597 39.875 35
      vertex 41.247597 39.875 4.75
    endloop
  endfacet
  facet normal 0 0 -1
    outer loop
      vertex 41.247597 -2.125 4.75
      vertex 41.247597 2.125001 4.75
      vertex 41.425797 2.4747381 4.75
    endloop
  endfacet
  facet normal 0 0 -1
    outer loop
      vertex 41.247597 -2.125 4.75
      vertex 41.425797 2.4747381 4.75
      vertex 41.425797 -2.4747381 4.75
    endloop
  endfacet
  facet normal 0.8910078 -0.4539881 0
    outer loop
      vertex 41.247597 -39.875 35
      vertex 41.425797 -39.52526 4.75
      vertex 41.425797 -39.52526 35
    endloop
  endfacet
  facet normal 0.8910078 -0.4539881 0
    outer loop
      vertex 41.247597 -39.875 4.75
      vertex 41.425797 -39.52526 4.75
      vertex 41.247597 -39.875 35
    endloop
  endfacet
  facet normal 0.8910078 0.4539881 0
    outer loop
      vertex 41.247597 39.875 4.75
      vertex 41.247597 39.875 35
      vertex 41.425797 39.52526 35
    endloop
  endfacet
  facet normal 0.8910078 0.4539881 0
    outer loop
      vertex 41.247597 39.875 4.75
      vertex 41.425797 39.52526 35
      vertex 41.425797 39.52526 4.75
    endloop
  endfacet
  facet normal 0 0 -1
    outer loop
      vertex 41.425797 -2.4747381 4.75
      vertex 41.425797 2.4747381 4.75
      vertex 41.56646 2.8411865 4.75
    endloop
  endfacet
  facet normal 0 0 -1
    outer loop
      vertex 41.425797 -2.4747381 4.75
      vertex 41.56646 2.8411865 4.75
      vertex 41.56646 -2.8411865 4.75
    endloop
  endfacet
  facet normal 0.93358284 -0.35836163 0
    outer loop
      vertex 41.425797 -39.52526 35
      vertex 41.56646 -39.158813 4.75
      vertex 41.56646 -39.158813 35
    endloop
  endfacet
  facet normal 0.93358284 -0.35836163 0
    outer loop
      vertex 41.425797 -39.52526 4.75
      vertex 41.56646 -39.158813 4.75
      vertex 41.425797 -39.52526 35
    endloop
  endfacet
  facet normal 0.93358284 0.35836163 0
    outer loop
      vertex 41.425797 39.52526 4.75
      vertex 41.425797 39.52526 35
      vertex 41.56646 39.158813 35
    endloop
  endfacet
  facet normal 0.93358284 0.35836163 0
    outer loop
      vertex 41.425797 39.52526 4.75
      vertex 41.56646 39.158813 35
      vertex 41.56646 39.158813 4.75
    endloop
  endfacet
  facet normal 0 0 -1
    outer loop
      vertex 41.56646 -2.8411865 4.75
      vertex 41.56646 2.8411865 4.75
      vertex 41.668053 3.2203312 4.75
    endloop
  endfacet
  facet normal 0 0 -1
    outer loop
      vertex 41.56646 -2.8411865 4.75
      vertex 41.668053 3.2203312 4.75
      vertex 41.668053 -3.2203312 4.75
    endloop
  endfacet
  facet normal 0.96592456 -0.25882384 0
    outer loop
      vertex 41.56646 -39.158813 35
      vertex 41.668053 -38.77967 4.75
      vertex 41.668053 -38.77967 35
    endloop
  endfacet
  facet normal 0.96592456 -0.25882384 0
    outer loop
      vertex 41.56646 -39.158813 4.75
      vertex 41.668053 -38.77967 4.75
      vertex 41.56646 -39.158813 35
    endloop
  endfacet
  facet normal 0.96592456 0.25882384 0
    outer loop
      vertex 41.56646 39.158813 4.75
      vertex 41.56646 39.158813 35
      vertex 41.668053 38.77967 35
    endloop
  endfacet
  facet normal 0.96592456 0.25882384 0
    outer loop
      vertex 41.56646 39.158813 4.75
      vertex 41.668053 38.77967 35
      vertex 41.668053 38.77967 4.75
    endloop
  endfacet
  facet normal 0 0 -1
    outer loop
      vertex 41.668053 -3.2203312 4.75
      vertex 41.668053 3.2203312 4.75
      vertex 41.729458 3.6080189 4.75
    endloop
  endfacet
  facet normal 0 0 -1
    outer loop
      vertex 41.668053 -3.2203312 4.75
      vertex 41.729458 3.6080189 4.75
      vertex 41.729458 -3.6080189 4.75
    endloop
  endfacet
  facet normal 0.98768777 -0.15643816 0
    outer loop
      vertex 41.668053 -38.77967 35
      vertex 41.729458 -38.391983 4.75
      vertex 41.729458 -38.391983 35
    endloop
  endfacet
  facet normal 0.98768777 -0.15643816 0
    outer loop
      vertex 41.668053 -38.77967 4.75
      vertex 41.729458 -38.391983 4.75
      vertex 41.668053 -38.77967 35
    endloop
  endfacet
  facet normal 0.98768777 0.15643816 0
    outer loop
      vertex 41.668053 38.77967 4.75
      vertex 41.668053 38.77967 35
      vertex 41.729458 38.391983 35
    endloop
  endfacet
  facet normal 0.98768777 0.15643816 0
    outer loop
      vertex 41.668053 38.77967 4.75
      vertex 41.729458 38.391983 35
      vertex 41.729458 38.391983 4.75
    endloop
  endfacet
  facet normal 0 0 -1
    outer loop
      vertex 41.729458 -3.6080189 4.75
      vertex 41.729458 3.6080189 4.75
      vertex 41.75 4 4.75
    endloop
  endfacet
  facet normal 0 0 -1
    outer loop
      vertex 41.729458 -3.6080189 4.75
      vertex 41.75 4 4.75
      vertex 41.75 -4 4.75
    endloop
  endfacet
  facet normal 0.9986296 -0.052333884 0
    outer loop
      vertex 41.729458 -38.391983 35
      vertex 41.75 -38 4.75
      vertex 41.75 -38 35
    endloop
  endfacet
  facet normal 0.9986296 -0.052333884 0
    outer loop
      vertex 41.729458 -38.391983 4.75
      vertex 41.75 -38 4.75
      vertex 41.729458 -38.391983 35
    endloop
  endfacet
  facet normal 0.9986296 0.052333884 0
    outer loop
      vertex 41.729458 38.391983 4.75
      vertex 41.729458 38.391983 35
      vertex 41.75 38 35
    endloop
  endfacet
  facet normal 0.9986296 0.052333884 0
    outer loop
      vertex 41.729458 38.391983 4.75
      vertex 41.75 38 35
      vertex 41.75 38 4.75
    endloop
  endfacet
  facet normal 1 0 0
    outer loop
      vertex 41.75 -38 35
      vertex 41.75 -4 4.75
      vertex 41.75 38 35
    endloop
  endfacet
  facet normal 1 0 0
    outer loop
      vertex 41.75 -38 4.75
      vertex 41.75 -4 4.75
      vertex 41.75 -38 35
    endloop
  endfacet
  facet normal 1 0 0
    outer loop
      vertex 41.75 -4 4.75
      vertex 41.75 4 4.75
      vertex 41.75 38 35
    endloop
  endfacet
  facet normal 1 0 0
    outer loop
      vertex 41.75 4 4.75
      vertex 41.75 38 4.75
      vertex 41.75 38 35
    endloop
  endfacet
endsolid OpenSCAD_Model
